"","id","site","sex","age","viewcat","setting","viewenc","prebody","prelet","preform","prenumb","prerelat","preclasf","postbody","postlet","postform","postnumb","postrelat","postclasf","peabody","agecat","encour","regular","prebody_p","postbody_p","prelet_p","postlet_p","preform_p","postform_p","prenumb_p","postnumb_p","prerelat_p","postrelat_p","preclasf_p","postclasf_p","improve_body","improve_let","improve_form","improve_numb","improve_relat","improve_clasf","body_betatransf","let_betatransf","form_betatransf","numb_betatransf","relat_betatransf","clasf_betatransf","peabody_log"
"1",1,"disadv_city","male",66,"rare","school","encouraged",16,23,12,40,14,20,18,30,14,44,14,23,62,1,1,0,50,56.25,39.6551724137931,51.7241379310345,60,70,74.0740740740741,81.4814814814815,82.3529411764706,82.3529411764706,83.3333333333333,95.8333333333333,6.25,12.0689655172414,10,7.4074074074074,0,12.5,0.53125,0.560344827586207,0.55,0.537037037037037,0.5,0.5625,4.12713438504509
"2",2,"disadv_city","female",67,"three_five","school","encouraged",30,26,9,39,16,22,30,37,17,39,14,22,8,1,1,1,93.75,93.75,44.8275862068966,63.7931034482759,45,85,72.2222222222222,72.2222222222222,94.1176470588235,82.3529411764706,91.6666666666667,91.6666666666667,0,18.9655172413793,40,0,-11.7647058823529,0,0.5,0.594827586206897,0.7,0.5,0.441176470588235,0.5,2.07944154167984
"3",3,"disadv_city","male",56,"three_five","school","not_encouraged",22,14,9,9,9,8,21,46,15,40,9,19,32,1,0,1,68.75,65.625,24.1379310344828,79.3103448275862,45,75,16.6666666666667,74.0740740740741,52.9411764705882,52.9411764705882,33.3333333333333,79.1666666666667,-3.125,55.1724137931034,30,57.4074074074074,0,45.8333333333333,0.484375,0.775862068965517,0.65,0.787037037037037,0.5,0.729166666666667,3.46573590279973
"4",4,"disadv_city","male",49,"rare","school","not_encouraged",23,11,10,14,9,13,21,14,13,19,8,15,27,0,0,0,71.875,65.625,18.9655172413793,24.1379310344828,50,65,25.9259259259259,35.1851851851852,52.9411764705882,47.0588235294118,54.1666666666667,62.5,-6.25,5.17241379310345,15,9.25925925925926,-5.88235294117646,8.33333333333334,0.46875,0.525862068965517,0.575,0.546296296296296,0.470588235294118,0.541666666666667,3.29583686600433
"5",5,"disadv_city","male",69,"over_five","school","not_encouraged",32,47,15,51,17,22,32,63,18,54,14,21,71,1,0,1,100,100,81.0344827586207,108.620689655172,75,90,94.4444444444444,100,100,82.3529411764706,91.6666666666667,87.5,0,27.5862068965517,15,5.55555555555556,-17.6470588235294,-4.16666666666667,0.5,0.637931034482759,0.575,0.527777777777778,0.411764705882353,0.479166666666667,4.26267987704132
"6",6,"disadv_city","female",54,"three_five","school","not_encouraged",29,26,10,33,14,14,27,36,14,39,16,24,32,1,0,1,90.625,84.375,44.8275862068966,62.0689655172414,50,70,61.1111111111111,72.2222222222222,82.3529411764706,94.1176470588235,58.3333333333333,100,-6.25,17.2413793103448,20,11.1111111111111,11.7647058823529,41.6666666666667,0.46875,0.586206896551724,0.6,0.555555555555556,0.558823529411765,0.708333333333333,3.46573590279973
"7",7,"disadv_city","female",47,"three_five","school","not_encouraged",23,12,11,13,11,12,22,45,12,44,12,15,28,0,0,1,71.875,68.75,20.6896551724138,77.5862068965517,55,60,24.0740740740741,81.4814814814815,64.7058823529412,70.5882352941177,50,62.5,-3.125,56.8965517241379,5,57.4074074074074,5.88235294117648,12.5,0.484375,0.78448275862069,0.525,0.787037037037037,0.529411764705882,0.5625,3.3322045101752
"8",8,"disadv_city","male",51,"once_twice","school","encouraged",32,48,19,52,15,23,31,47,18,51,17,23,38,0,1,1,100,96.875,82.7586206896552,81.0344827586207,95,90,96.2962962962963,94.4444444444444,88.2352941176471,100,95.8333333333333,95.8333333333333,-3.125,-1.72413793103449,-5,-1.85185185185185,11.7647058823529,0,0.484375,0.491379310344828,0.475,0.490740740740741,0.558823529411765,0.5,3.63758615972639
"9",9,"disadv_city","male",69,"over_five","school","encouraged",27,44,18,42,15,20,32,50,17,48,14,24,49,1,1,1,84.375,100,75.8620689655172,86.2068965517241,90,85,77.7777777777778,88.8888888888889,88.2352941176471,82.3529411764706,83.3333333333333,100,15.625,10.3448275862069,-5,11.1111111111111,-5.88235294117646,16.6666666666667,0.578125,0.551724137931034,0.475,0.555555555555556,0.470588235294118,0.583333333333333,3.89182029811063
"10",10,"disadv_city","female",53,"three_five","school","encouraged",30,38,17,31,10,17,32,52,19,52,17,24,32,1,1,1,93.75,100,65.5172413793103,89.6551724137931,85,95,57.4074074074074,96.2962962962963,58.8235294117647,100,70.8333333333333,100,6.25,24.1379310344828,10,38.8888888888889,41.1764705882353,29.1666666666667,0.53125,0.620689655172414,0.55,0.694444444444444,0.705882352941177,0.645833333333333,3.46573590279973
"11",11,"disadv_city","female",58,"once_twice","school","not_encouraged",25,48,14,38,16,18,26,52,15,42,10,17,43,1,0,1,78.125,81.25,82.7586206896552,89.6551724137931,70,75,70.3703703703704,77.7777777777778,94.1176470588235,58.8235294117647,75,70.8333333333333,3.125,6.89655172413794,5,7.4074074074074,-35.2941176470588,-4.16666666666667,0.515625,0.53448275862069,0.525,0.537037037037037,0.323529411764706,0.479166666666667,3.76120011569356
"12",12,"disadv_city","female",58,"over_five","school","not_encouraged",21,25,13,29,16,21,17,29,15,40,10,19,58,1,0,1,65.625,53.125,43.1034482758621,50,65,75,53.7037037037037,74.0740740740741,94.1176470588235,58.8235294117647,87.5,79.1666666666667,-12.5,6.89655172413793,10,20.3703703703704,-35.2941176470588,-8.33333333333333,0.4375,0.53448275862069,0.55,0.601851851851852,0.323529411764706,0.458333333333333,4.06044301054642
"13",13,"disadv_city","female",49,"rare","school","not_encouraged",28,8,9,13,8,12,20,16,9,18,10,13,39,0,0,0,87.5,62.5,13.7931034482759,27.5862068965517,45,45,24.0740740740741,33.3333333333333,47.0588235294118,58.8235294117647,50,54.1666666666667,-25,13.7931034482759,0,9.25925925925926,11.7647058823529,4.16666666666666,0.375,0.568965517241379,0.5,0.546296296296296,0.558823529411765,0.520833333333333,3.66356164612965
"14",14,"disadv_city","male",64,"once_twice","school","encouraged",26,11,15,21,10,15,26,28,15,35,16,14,43,1,1,1,81.25,81.25,18.9655172413793,48.2758620689655,75,75,38.8888888888889,64.8148148148148,58.8235294117647,94.1176470588235,62.5,58.3333333333333,0,29.3103448275862,0,25.9259259259259,35.2941176470588,-4.16666666666666,0.5,0.646551724137931,0.5,0.62962962962963,0.676470588235294,0.479166666666667,3.76120011569356
"15",15,"disadv_city","female",58,"once_twice","school","encouraged",23,15,9,16,9,11,28,21,10,22,10,17,56,1,1,1,71.875,87.5,25.8620689655172,36.2068965517241,45,50,29.6296296296296,40.7407407407407,52.9411764705882,58.8235294117647,45.8333333333333,70.8333333333333,15.625,10.3448275862069,5,11.1111111111111,5.88235294117647,25,0.578125,0.551724137931034,0.525,0.555555555555556,0.529411764705882,0.625,4.02535169073515
"16",16,"disadv_city","male",49,"three_five","school","encouraged",25,12,17,24,12,18,28,45,14,45,13,21,37,0,1,1,78.125,87.5,20.6896551724138,77.5862068965517,85,70,44.4444444444444,83.3333333333333,70.5882352941177,76.4705882352941,75,87.5,9.375,56.8965517241379,-15,38.8888888888889,5.88235294117646,12.5,0.546875,0.78448275862069,0.425,0.694444444444444,0.529411764705882,0.5625,3.61091791264422
"17",17,"disadv_city","male",57,"once_twice","school","encouraged",25,15,13,16,10,18,25,24,16,28,8,18,43,1,1,1,78.125,78.125,25.8620689655172,41.3793103448276,65,80,29.6296296296296,51.8518518518519,58.8235294117647,47.0588235294118,75,75,0,15.5172413793103,15,22.2222222222222,-11.7647058823529,0,0.5,0.577586206896552,0.575,0.611111111111111,0.441176470588235,0.5,3.76120011569356
"18",18,"disadv_city","male",45,"over_five","school","encouraged",16,12,8,11,6,3,25,16,11,17,9,9,29,0,1,1,50,78.125,20.6896551724138,27.5862068965517,40,55,20.3703703703704,31.4814814814815,35.2941176470588,52.9411764705882,12.5,37.5,28.125,6.89655172413793,15,11.1111111111111,17.6470588235294,25,0.640625,0.53448275862069,0.575,0.555555555555556,0.588235294117647,0.625,3.36729582998647
"19",19,"disadv_city","male",45,"three_five","school","encouraged",25,16,12,23,10,13,32,46,18,35,14,19,45,0,1,1,78.125,100,27.5862068965517,79.3103448275862,60,90,42.5925925925926,64.8148148148148,58.8235294117647,82.3529411764706,54.1666666666667,79.1666666666667,21.875,51.7241379310345,30,22.2222222222222,23.5294117647059,25,0.609375,0.758620689655172,0.65,0.611111111111111,0.61764705882353,0.625,3.80666248977032
"20",20,"disadv_city","male",60,"three_five","school","not_encouraged",19,19,8,23,14,10,28,50,12,38,12,13,51,1,0,1,59.375,87.5,32.7586206896552,86.2068965517241,40,60,42.5925925925926,70.3703703703704,82.3529411764706,70.5882352941177,41.6666666666667,54.1666666666667,28.125,53.448275862069,20,27.7777777777778,-11.7647058823529,12.5,0.640625,0.767241379310345,0.6,0.638888888888889,0.441176470588235,0.5625,3.93182563272433
"21",21,"disadv_city","female",65,"over_five","school","encouraged",29,24,14,41,10,23,29,48,20,51,15,24,55,1,1,1,90.625,90.625,41.3793103448276,82.7586206896552,70,100,75.9259259259259,94.4444444444444,58.8235294117647,88.2352941176471,95.8333333333333,100,0,41.3793103448276,30,18.5185185185185,29.4117647058824,4.16666666666667,0.5,0.706896551724138,0.65,0.592592592592593,0.647058823529412,0.520833333333333,4.00733318523247
"22",22,"disadv_city","male",44,"over_five","home","encouraged",25,15,17,22,11,16,32,42,19,45,15,19,49,0,1,1,78.125,100,25.8620689655172,72.4137931034483,85,95,40.7407407407407,83.3333333333333,64.7058823529412,88.2352941176471,66.6666666666667,79.1666666666667,21.875,46.551724137931,10,42.5925925925926,23.5294117647059,12.5,0.609375,0.732758620689655,0.55,0.712962962962963,0.61764705882353,0.5625,3.89182029811063
"23",23,"disadv_city","female",38,"three_five","home","encouraged",20,9,2,7,8,9,22,23,17,19,15,14,31,0,1,1,62.5,68.75,15.5172413793103,39.6551724137931,10,85,12.962962962963,35.1851851851852,47.0588235294118,88.2352941176471,37.5,58.3333333333333,6.25,24.1379310344828,75,22.2222222222222,41.1764705882353,20.8333333333333,0.53125,0.620689655172414,0.875,0.611111111111111,0.705882352941176,0.604166666666667,3.43398720448515
"24",24,"disadv_city","male",35,"over_five","home","encouraged",11,6,8,16,8,9,22,27,16,20,14,15,40,0,1,1,34.375,68.75,10.3448275862069,46.551724137931,40,80,29.6296296296296,37.037037037037,47.0588235294118,82.3529411764706,37.5,62.5,34.375,36.2068965517241,40,7.40740740740741,35.2941176470588,25,0.671875,0.681034482758621,0.7,0.537037037037037,0.676470588235294,0.625,3.68887945411394
"25",25,"disadv_city","female",42,"once_twice","home","encouraged",15,7,8,11,12,7,14,13,7,21,12,10,48,0,1,1,46.875,43.75,12.0689655172414,22.4137931034483,40,35,20.3703703703704,38.8888888888889,70.5882352941177,70.5882352941177,29.1666666666667,41.6666666666667,-3.125,10.3448275862069,-5,18.5185185185185,0,12.5,0.484375,0.551724137931034,0.475,0.592592592592593,0.5,0.5625,3.87120101090789
"26",26,"disadv_city","female",50,"once_twice","home","encouraged",26,14,10,36,13,17,25,18,14,42,13,18,35,0,1,1,81.25,78.125,24.1379310344828,31.0344827586207,50,70,66.6666666666667,77.7777777777778,76.4705882352941,76.4705882352941,70.8333333333333,75,-3.125,6.89655172413793,20,11.1111111111111,0,4.16666666666667,0.484375,0.53448275862069,0.6,0.555555555555555,0.5,0.520833333333333,3.55534806148941
"27",27,"disadv_city","male",61,"over_five","school","not_encouraged",28,42,16,40,16,11,24,27,15,20,14,14,62,1,0,1,87.5,75,72.4137931034483,46.551724137931,80,75,74.0740740740741,37.037037037037,94.1176470588235,82.3529411764706,45.8333333333333,58.3333333333333,-12.5,-25.8620689655172,-5,-37.037037037037,-11.7647058823529,12.5,0.4375,0.370689655172414,0.475,0.314814814814815,0.441176470588235,0.5625,4.12713438504509
"28",28,"disadv_city","female",34,"over_five","home","encouraged",17,13,7,10,5,11,21,17,13,13,10,15,42,0,1,1,53.125,65.625,22.4137931034483,29.3103448275862,35,65,18.5185185185185,24.0740740740741,29.4117647058824,58.8235294117647,45.8333333333333,62.5,12.5,6.89655172413793,30,5.55555555555555,29.4117647058824,16.6666666666667,0.5625,0.53448275862069,0.65,0.527777777777778,0.647058823529412,0.583333333333333,3.73766961828337
"29",29,"disadv_city","male",60,"three_five","home","not_encouraged",23,13,9,23,11,14,28,20,18,45,14,21,58,1,0,1,71.875,87.5,22.4137931034483,34.4827586206897,45,90,42.5925925925926,83.3333333333333,64.7058823529412,82.3529411764706,58.3333333333333,87.5,15.625,12.0689655172414,45,40.7407407407407,17.6470588235294,29.1666666666667,0.578125,0.560344827586207,0.725,0.703703703703704,0.588235294117647,0.645833333333333,4.06044301054642
"30",30,"disadv_city","female",39,"once_twice","home","encouraged",11,5,5,5,5,1,27,15,13,9,8,12,29,0,1,1,34.375,84.375,8.62068965517241,25.8620689655172,25,65,9.25925925925926,16.6666666666667,29.4117647058824,47.0588235294118,4.16666666666667,50,50,17.2413793103448,40,7.40740740740741,17.6470588235294,45.8333333333333,0.75,0.586206896551724,0.7,0.537037037037037,0.588235294117647,0.729166666666667,3.36729582998647
"31",31,"disadv_city","male",39,"three_five","home","encouraged",24,4,11,25,11,17,21,11,12,13,9,10,49,0,1,1,75,65.625,6.89655172413793,18.9655172413793,55,60,46.2962962962963,24.0740740740741,64.7058823529412,52.9411764705882,70.8333333333333,41.6666666666667,-9.375,12.0689655172414,5,-22.2222222222222,-11.7647058823529,-29.1666666666667,0.453125,0.560344827586207,0.525,0.388888888888889,0.441176470588235,0.354166666666667,3.89182029811063
"32",32,"disadv_city","female",41,"once_twice","home","encouraged",24,8,3,14,8,8,21,17,10,18,9,14,30,0,1,1,75,65.625,13.7931034482759,29.3103448275862,15,50,25.9259259259259,33.3333333333333,47.0588235294118,52.9411764705882,33.3333333333333,58.3333333333333,-9.375,15.5172413793103,35,7.40740740740741,5.88235294117646,25,0.453125,0.577586206896552,0.675,0.537037037037037,0.529411764705882,0.625,3.40119738166216
"33",33,"disadv_city","female",55,"three_five","home","encouraged",31,15,17,45,16,24,32,43,18,46,13,21,62,1,1,1,96.875,100,25.8620689655172,74.1379310344828,85,90,83.3333333333333,85.1851851851852,94.1176470588235,76.4705882352941,100,87.5,3.125,48.2758620689655,5,1.85185185185186,-17.6470588235294,-12.5,0.515625,0.741379310344828,0.525,0.509259259259259,0.411764705882353,0.4375,4.12713438504509
"34",34,"disadv_city","female",42,"three_five","home","encouraged",23,11,7,15,6,7,29,27,14,33,9,19,58,0,1,1,71.875,90.625,18.9655172413793,46.551724137931,35,70,27.7777777777778,61.1111111111111,35.2941176470588,52.9411764705882,29.1666666666667,79.1666666666667,18.75,27.5862068965517,35,33.3333333333333,17.6470588235294,50,0.59375,0.637931034482759,0.675,0.666666666666667,0.588235294117647,0.75,4.06044301054642
"35",35,"disadv_city","male",50,"over_five","home","encouraged",18,17,12,28,12,17,29,41,15,48,12,22,55,0,1,1,56.25,90.625,29.3103448275862,70.6896551724138,60,75,51.8518518518519,88.8888888888889,70.5882352941177,70.5882352941177,70.8333333333333,91.6666666666667,34.375,41.3793103448276,15,37.037037037037,0,20.8333333333333,0.671875,0.706896551724138,0.575,0.685185185185185,0.5,0.604166666666667,4.00733318523247
"36",36,"disadv_city","male",58,"once_twice","home","encouraged",13,12,6,10,6,11,29,23,11,27,8,10,33,1,1,1,40.625,90.625,20.6896551724138,39.6551724137931,30,55,18.5185185185185,50,35.2941176470588,47.0588235294118,45.8333333333333,41.6666666666667,50,18.9655172413793,25,31.4814814814815,11.7647058823529,-4.16666666666667,0.75,0.594827586206897,0.625,0.657407407407407,0.558823529411765,0.479166666666667,3.49650756146648
"37",37,"disadv_city","female",59,"three_five","home","not_encouraged",27,7,13,23,12,10,32,39,18,49,16,19,55,1,0,1,84.375,100,12.0689655172414,67.2413793103448,65,90,42.5925925925926,90.7407407407407,70.5882352941177,94.1176470588235,41.6666666666667,79.1666666666667,15.625,55.1724137931034,25,48.1481481481482,23.5294117647059,37.5,0.578125,0.775862068965517,0.625,0.740740740740741,0.61764705882353,0.6875,4.00733318523247
"38",38,"disadv_city","female",36,"rare","home","not_encouraged",11,12,9,5,5,3,12,12,6,13,9,6,27,0,0,0,34.375,37.5,20.6896551724138,20.6896551724138,45,30,9.25925925925926,24.0740740740741,29.4117647058824,52.9411764705882,12.5,25,3.125,0,-15,14.8148148148148,23.5294117647059,12.5,0.515625,0.5,0.425,0.574074074074074,0.61764705882353,0.5625,3.29583686600433
"39",39,"disadv_city","male",51,"once_twice","home","encouraged",32,16,16,34,15,17,21,17,6,21,8,12,62,0,1,1,100,65.625,27.5862068965517,29.3103448275862,80,30,62.962962962963,38.8888888888889,88.2352941176471,47.0588235294118,70.8333333333333,50,-34.375,1.72413793103448,-50,-24.0740740740741,-41.1764705882353,-20.8333333333333,0.328125,0.508620689655172,0.25,0.37962962962963,0.294117647058824,0.395833333333333,4.12713438504509
"40",40,"disadv_city","male",51,"once_twice","home","encouraged",31,18,13,33,15,14,21,16,11,7,9,11,58,0,1,1,96.875,65.625,31.0344827586207,27.5862068965517,65,55,61.1111111111111,12.962962962963,88.2352941176471,52.9411764705882,58.3333333333333,45.8333333333333,-31.25,-3.44827586206897,-10,-48.1481481481482,-35.2941176470588,-12.5,0.34375,0.482758620689655,0.45,0.259259259259259,0.323529411764706,0.4375,4.06044301054642
"41",41,"disadv_city","male",48,"three_five","home","encouraged",13,14,8,8,10,11,21,22,10,28,8,19,34,0,1,1,40.625,65.625,24.1379310344828,37.9310344827586,40,50,14.8148148148148,51.8518518518519,58.8235294117647,47.0588235294118,45.8333333333333,79.1666666666667,25,13.7931034482759,10,37.037037037037,-11.7647058823529,33.3333333333333,0.625,0.568965517241379,0.55,0.685185185185185,0.441176470588235,0.666666666666667,3.52636052461616
"42",42,"disadv_city","male",43,"once_twice","home","encouraged",17,13,14,13,11,14,24,19,12,22,11,20,32,0,1,1,53.125,75,22.4137931034483,32.7586206896552,70,60,24.0740740740741,40.7407407407407,64.7058823529412,64.7058823529412,58.3333333333333,83.3333333333333,21.875,10.3448275862069,-10,16.6666666666667,0,25,0.609375,0.551724137931034,0.45,0.583333333333333,0.5,0.625,3.46573590279973
"43",43,"disadv_city","female",35,"three_five","home","not_encouraged",23,12,8,9,5,5,29,11,8,9,11,11,32,0,0,1,71.875,90.625,20.6896551724138,18.9655172413793,40,40,16.6666666666667,16.6666666666667,29.4117647058824,64.7058823529412,20.8333333333333,45.8333333333333,18.75,-1.72413793103448,0,0,35.2941176470588,25,0.59375,0.491379310344828,0.5,0.5,0.676470588235294,0.625,3.46573590279973
"44",44,"disadv_city","female",36,"rare","home","not_encouraged",11,2,6,5,2,4,21,6,11,6,6,7,28,0,0,0,34.375,65.625,3.44827586206897,10.3448275862069,30,55,9.25925925925926,11.1111111111111,11.7647058823529,35.2941176470588,16.6666666666667,29.1666666666667,31.25,6.89655172413793,25,1.85185185185185,23.5294117647059,12.5,0.65625,0.53448275862069,0.625,0.509259259259259,0.61764705882353,0.5625,3.3322045101752
"45",45,"disadv_city","female",39,"once_twice","home","not_encouraged",20,18,6,4,4,6,19,8,11,22,10,10,29,0,0,1,62.5,59.375,31.0344827586207,13.7931034482759,30,55,7.40740740740741,40.7407407407407,23.5294117647059,58.8235294117647,25,41.6666666666667,-3.125,-17.2413793103448,25,33.3333333333333,35.2941176470588,16.6666666666667,0.484375,0.413793103448276,0.625,0.666666666666667,0.676470588235294,0.583333333333333,3.36729582998647
"46",46,"disadv_city","male",45,"over_five","home","not_encouraged",14,13,9,16,9,12,29,48,17,48,14,19,35,0,0,1,43.75,90.625,22.4137931034483,82.7586206896552,45,85,29.6296296296296,88.8888888888889,52.9411764705882,82.3529411764706,50,79.1666666666667,46.875,60.3448275862069,40,59.2592592592593,29.4117647058824,29.1666666666667,0.734375,0.801724137931034,0.7,0.796296296296296,0.647058823529412,0.645833333333333,3.55534806148941
"47",47,"disadv_city","male",58,"three_five","home","not_encouraged",30,38,15,45,14,18,32,48,19,46,14,23,67,1,0,1,93.75,100,65.5172413793103,82.7586206896552,75,95,83.3333333333333,85.1851851851852,82.3529411764706,82.3529411764706,75,95.8333333333333,6.25,17.2413793103448,20,1.85185185185186,0,20.8333333333333,0.53125,0.586206896551724,0.6,0.509259259259259,0.5,0.604166666666667,4.20469261939097
"48",48,"disadv_city","female",38,"three_five","home","encouraged",13,10,7,8,5,7,26,36,14,20,10,16,29,0,1,1,40.625,81.25,17.2413793103448,62.0689655172414,35,70,14.8148148148148,37.037037037037,29.4117647058824,58.8235294117647,29.1666666666667,66.6666666666667,40.625,44.8275862068966,35,22.2222222222222,29.4117647058824,37.5,0.703125,0.724137931034483,0.675,0.611111111111111,0.647058823529412,0.6875,3.36729582998647
"49",49,"disadv_city","female",57,"over_five","home","encouraged",26,15,11,22,10,15,24,20,18,28,12,18,35,1,1,1,81.25,75,25.8620689655172,34.4827586206897,55,90,40.7407407407407,51.8518518518519,58.8235294117647,70.5882352941177,62.5,75,-6.25,8.62068965517242,35,11.1111111111111,11.7647058823529,12.5,0.46875,0.543103448275862,0.675,0.555555555555556,0.558823529411765,0.5625,3.55534806148941
"50",50,"disadv_city","male",49,"three_five","home","not_encouraged",26,35,10,47,13,17,26,13,7,12,11,14,67,0,0,1,81.25,81.25,60.3448275862069,22.4137931034483,50,35,87.037037037037,22.2222222222222,76.4705882352941,64.7058823529412,70.8333333333333,58.3333333333333,0,-37.9310344827586,-15,-64.8148148148148,-11.7647058823529,-12.5,0.5,0.310344827586207,0.425,0.175925925925926,0.441176470588235,0.4375,4.20469261939097
"51",51,"disadv_city","male",55,"rare","school","not_encouraged",24,11,10,18,8,10,20,10,14,23,10,10,39,1,0,0,75,62.5,18.9655172413793,17.2413793103448,50,70,33.3333333333333,42.5925925925926,47.0588235294118,58.8235294117647,41.6666666666667,41.6666666666667,-12.5,-1.72413793103448,20,9.25925925925926,11.7647058823529,0,0.4375,0.491379310344828,0.6,0.546296296296296,0.558823529411765,0.5,3.66356164612965
"52",52,"disadv_city","female",44,"over_five","school","not_encouraged",25,39,18,41,9,21,30,47,20,50,11,23,90,0,0,1,78.125,93.75,67.2413793103448,81.0344827586207,90,100,75.9259259259259,92.5925925925926,52.9411764705882,64.7058823529412,87.5,95.8333333333333,15.625,13.7931034482759,10,16.6666666666667,11.7647058823529,8.33333333333333,0.578125,0.568965517241379,0.55,0.583333333333333,0.558823529411765,0.541666666666667,4.49980967033027
"53",53,"disadv_city","male",56,"rare","school","not_encouraged",13,11,6,15,10,11,15,13,9,13,10,6,46,1,0,0,40.625,46.875,18.9655172413793,22.4137931034483,30,45,27.7777777777778,24.0740740740741,58.8235294117647,58.8235294117647,45.8333333333333,25,6.25,3.44827586206897,15,-3.70370370370371,0,-20.8333333333333,0.53125,0.517241379310345,0.575,0.481481481481481,0.5,0.395833333333333,3.8286413964891
"54",54,"disadv_city","female",48,"once_twice","school","not_encouraged",17,11,9,14,8,9,26,32,15,27,11,11,39,0,0,1,53.125,81.25,18.9655172413793,55.1724137931034,45,75,25.9259259259259,50,47.0588235294118,64.7058823529412,37.5,45.8333333333333,28.125,36.2068965517241,30,24.0740740740741,17.6470588235294,8.33333333333334,0.640625,0.681034482758621,0.65,0.62037037037037,0.588235294117647,0.541666666666667,3.66356164612965
"55",55,"disadv_city","male",50,"once_twice","school","not_encouraged",16,10,8,9,7,6,21,15,17,17,12,15,34,0,0,1,50,65.625,17.2413793103448,25.8620689655172,40,85,16.6666666666667,31.4814814814815,41.1764705882353,70.5882352941177,25,62.5,15.625,8.62068965517241,45,14.8148148148148,29.4117647058824,37.5,0.578125,0.543103448275862,0.725,0.574074074074074,0.647058823529412,0.6875,3.52636052461616
"56",56,"disadv_city","male",52,"rare","school","not_encouraged",16,15,6,13,11,13,19,14,14,18,7,16,38,1,0,0,50,59.375,25.8620689655172,24.1379310344828,30,70,24.0740740740741,33.3333333333333,64.7058823529412,41.1764705882353,54.1666666666667,66.6666666666667,9.375,-1.72413793103448,40,9.25925925925926,-23.5294117647059,12.5,0.546875,0.491379310344828,0.7,0.546296296296296,0.382352941176471,0.5625,3.63758615972639
"57",57,"disadv_city","female",51,"once_twice","school","encouraged",24,14,10,20,10,17,28,21,17,36,19,17,34,0,1,1,75,87.5,24.1379310344828,36.2068965517241,50,85,37.037037037037,66.6666666666667,58.8235294117647,111.764705882353,70.8333333333333,70.8333333333333,12.5,12.0689655172414,35,29.6296296296296,52.9411764705882,0,0.5625,0.560344827586207,0.675,0.648148148148148,0.764705882352941,0.5,3.52636052461616
"58",58,"disadv_city","female",58,"rare","school","not_encouraged",25,17,17,23,14,15,25,16,19,28,4,20,37,1,0,0,78.125,78.125,29.3103448275862,27.5862068965517,85,95,42.5925925925926,51.8518518518519,82.3529411764706,23.5294117647059,62.5,83.3333333333333,0,-1.72413793103448,10,9.25925925925926,-58.8235294117647,20.8333333333333,0.5,0.491379310344828,0.55,0.546296296296296,0.205882352941176,0.604166666666667,3.61091791264422
"59",59,"disadv_city","female",48,"three_five","school","not_encouraged",13,10,10,13,9,7,27,15,14,23,11,12,33,0,0,1,40.625,84.375,17.2413793103448,25.8620689655172,50,70,24.0740740740741,42.5925925925926,52.9411764705882,64.7058823529412,29.1666666666667,50,43.75,8.62068965517241,20,18.5185185185185,11.7647058823529,20.8333333333333,0.71875,0.543103448275862,0.6,0.592592592592593,0.558823529411765,0.604166666666667,3.49650756146648
"60",60,"disadv_city","male",54,"over_five","school","not_encouraged",16,13,10,10,9,7,19,20,14,19,12,11,36,1,0,1,50,59.375,22.4137931034483,34.4827586206897,50,70,18.5185185185185,35.1851851851852,52.9411764705882,70.5882352941177,29.1666666666667,45.8333333333333,9.375,12.0689655172414,20,16.6666666666667,17.6470588235294,16.6666666666667,0.546875,0.560344827586207,0.6,0.583333333333333,0.588235294117647,0.583333333333333,3.58351893845611
"61",61,"adv_suburb","male",52,"over_five","school","not_encouraged",20,35,15,21,8,20,27,48,19,47,15,22,49,1,0,1,62.5,84.375,60.3448275862069,82.7586206896552,75,95,38.8888888888889,87.037037037037,47.0588235294118,88.2352941176471,83.3333333333333,91.6666666666667,21.875,22.4137931034483,20,48.1481481481482,41.1764705882353,8.33333333333334,0.609375,0.612068965517241,0.6,0.740740740740741,0.705882352941176,0.541666666666667,3.89182029811063
"62",62,"adv_suburb","female",48,"rare","school","not_encouraged",20,12,11,13,7,11,28,19,17,17,11,17,53,0,0,0,62.5,87.5,20.6896551724138,32.7586206896552,55,85,24.0740740740741,31.4814814814815,41.1764705882353,64.7058823529412,45.8333333333333,70.8333333333333,25,12.0689655172414,30,7.40740740740741,23.5294117647059,25,0.625,0.560344827586207,0.65,0.537037037037037,0.61764705882353,0.625,3.97029191355212
"63",63,"adv_suburb","male",55,"over_five","school","not_encouraged",28,13,10,29,11,12,30,31,19,45,15,22,65,1,0,1,87.5,93.75,22.4137931034483,53.448275862069,50,95,53.7037037037037,83.3333333333333,64.7058823529412,88.2352941176471,50,91.6666666666667,6.25,31.0344827586207,45,29.6296296296296,23.5294117647059,41.6666666666667,0.53125,0.655172413793103,0.725,0.648148148148148,0.61764705882353,0.708333333333333,4.17438726989564
"64",64,"adv_suburb","male",55,"once_twice","school","not_encouraged",23,16,5,32,10,13,28,28,15,46,13,17,55,1,0,1,71.875,87.5,27.5862068965517,48.2758620689655,25,75,59.2592592592593,85.1851851851852,58.8235294117647,76.4705882352941,54.1666666666667,70.8333333333333,15.625,20.6896551724138,50,25.9259259259259,17.6470588235294,16.6666666666667,0.578125,0.603448275862069,0.75,0.62962962962963,0.588235294117647,0.583333333333333,4.00733318523247
"65",65,"adv_suburb","female",55,"once_twice","home","not_encouraged",30,27,11,39,12,17,32,40,19,52,17,23,85,1,0,1,93.75,100,46.551724137931,68.9655172413793,55,95,72.2222222222222,96.2962962962963,70.5882352941177,100,70.8333333333333,95.8333333333333,6.25,22.4137931034483,40,24.0740740740741,29.4117647058823,25,0.53125,0.612068965517241,0.7,0.62037037037037,0.647058823529412,0.625,4.44265125649032
"66",66,"adv_suburb","female",56,"rare","home","encouraged",26,18,10,30,12,9,29,46,13,44,13,17,43,1,1,0,81.25,90.625,31.0344827586207,79.3103448275862,50,65,55.5555555555556,81.4814814814815,70.5882352941177,76.4705882352941,37.5,70.8333333333333,9.375,48.2758620689655,15,25.9259259259259,5.88235294117646,33.3333333333333,0.546875,0.741379310344828,0.575,0.62962962962963,0.529411764705882,0.666666666666667,3.76120011569356
"67",67,"adv_suburb","female",50,"three_five","school","encouraged",31,15,10,24,11,20,31,43,18,52,14,23,65,0,1,1,96.875,96.875,25.8620689655172,74.1379310344828,50,90,44.4444444444444,96.2962962962963,64.7058823529412,82.3529411764706,83.3333333333333,95.8333333333333,0,48.2758620689655,40,51.8518518518518,17.6470588235294,12.5,0.5,0.741379310344828,0.7,0.759259259259259,0.588235294117647,0.5625,4.17438726989564
"68",68,"adv_suburb","male",51,"three_five","school","encouraged",28,19,14,37,13,15,32,47,19,48,15,22,75,0,1,1,87.5,100,32.7586206896552,81.0344827586207,70,95,68.5185185185185,88.8888888888889,76.4705882352941,88.2352941176471,62.5,91.6666666666667,12.5,48.2758620689655,25,20.3703703703704,11.7647058823529,29.1666666666667,0.5625,0.741379310344828,0.625,0.601851851851852,0.558823529411765,0.645833333333333,4.31748811353631
"69",69,"adv_suburb","male",58,"three_five","school","not_encouraged",30,14,17,37,13,20,28,38,15,36,16,18,85,1,0,1,93.75,87.5,24.1379310344828,65.5172413793103,85,75,68.5185185185185,66.6666666666667,76.4705882352941,94.1176470588235,83.3333333333333,75,-6.25,41.3793103448276,-10,-1.85185185185185,17.6470588235294,-8.33333333333333,0.46875,0.706896551724138,0.45,0.490740740740741,0.588235294117647,0.458333333333333,4.44265125649032
"70",70,"adv_suburb","female",55,"over_five","school","not_encouraged",27,10,10,12,14,16,31,42,16,31,13,20,40,1,0,1,84.375,96.875,17.2413793103448,72.4137931034483,50,80,22.2222222222222,57.4074074074074,82.3529411764706,76.4705882352941,66.6666666666667,83.3333333333333,12.5,55.1724137931034,30,35.1851851851852,-5.88235294117648,16.6666666666667,0.5625,0.775862068965517,0.65,0.675925925925926,0.470588235294118,0.583333333333333,3.68887945411394
"71",71,"adv_suburb","female",41,"over_five","home","not_encouraged",24,22,14,42,14,21,30,49,19,50,14,22,58,0,0,1,75,93.75,37.9310344827586,84.4827586206897,70,95,77.7777777777778,92.5925925925926,82.3529411764706,82.3529411764706,87.5,91.6666666666667,18.75,46.551724137931,25,14.8148148148148,0,4.16666666666667,0.59375,0.732758620689655,0.625,0.574074074074074,0.5,0.520833333333333,4.06044301054642
"72",72,"adv_suburb","female",51,"over_five","home","not_encouraged",20,13,11,22,11,15,27,17,11,20,14,14,42,0,0,1,62.5,84.375,22.4137931034483,29.3103448275862,55,55,40.7407407407407,37.037037037037,64.7058823529412,82.3529411764706,62.5,58.3333333333333,21.875,6.89655172413793,0,-3.7037037037037,17.6470588235294,-4.16666666666666,0.609375,0.53448275862069,0.5,0.481481481481482,0.588235294117647,0.479166666666667,3.73766961828337
"73",73,"adv_suburb","male",52,"over_five","school","encouraged",29,13,9,18,10,10,30,23,17,28,12,17,69,1,1,1,90.625,93.75,22.4137931034483,39.6551724137931,45,85,33.3333333333333,51.8518518518519,58.8235294117647,70.5882352941177,41.6666666666667,70.8333333333333,3.125,17.2413793103448,40,18.5185185185185,11.7647058823529,29.1666666666667,0.515625,0.586206896551724,0.7,0.592592592592593,0.558823529411765,0.645833333333333,4.23410650459726
"74",74,"adv_suburb","female",54,"three_five","school","encouraged",30,26,13,23,10,17,32,42,12,37,12,19,58,1,1,1,93.75,100,44.8275862068966,72.4137931034483,65,60,42.5925925925926,68.5185185185185,58.8235294117647,70.5882352941177,70.8333333333333,79.1666666666667,6.25,27.5862068965517,-5,25.9259259259259,11.7647058823529,8.33333333333334,0.53125,0.637931034482759,0.475,0.62962962962963,0.558823529411765,0.541666666666667,4.06044301054642
"75",75,"adv_suburb","male",47,"over_five","home","encouraged",19,12,11,16,11,12,28,43,18,38,14,17,37,0,1,1,59.375,87.5,20.6896551724138,74.1379310344828,55,90,29.6296296296296,70.3703703703704,64.7058823529412,82.3529411764706,50,70.8333333333333,28.125,53.448275862069,35,40.7407407407407,17.6470588235294,20.8333333333333,0.640625,0.767241379310345,0.675,0.703703703703704,0.588235294117647,0.604166666666667,3.61091791264422
"76",76,"adv_suburb","male",50,"over_five","home","encouraged",31,30,15,47,15,19,23,48,19,49,13,20,62,0,1,1,96.875,71.875,51.7241379310345,82.7586206896552,75,95,87.037037037037,90.7407407407407,88.2352941176471,76.4705882352941,79.1666666666667,83.3333333333333,-25,31.0344827586207,20,3.70370370370371,-11.7647058823529,4.16666666666666,0.375,0.655172413793103,0.6,0.518518518518519,0.441176470588235,0.520833333333333,4.12713438504509
"77",77,"adv_suburb","female",55,"over_five","home","encouraged",31,13,18,39,15,24,31,51,19,50,14,23,99,1,1,1,96.875,96.875,22.4137931034483,87.9310344827586,90,95,72.2222222222222,92.5925925925926,88.2352941176471,82.3529411764706,100,95.8333333333333,0,65.5172413793103,5,20.3703703703704,-5.88235294117646,-4.16666666666667,0.5,0.827586206896552,0.525,0.601851851851852,0.470588235294118,0.479166666666667,4.59511985013459
"78",78,"adv_suburb","male",50,"three_five","school","encouraged",32,27,13,29,13,12,31,45,19,53,16,23,75,0,1,1,100,96.875,46.551724137931,77.5862068965517,65,95,53.7037037037037,98.1481481481482,76.4705882352941,94.1176470588235,50,95.8333333333333,-3.125,31.0344827586207,30,44.4444444444444,17.6470588235294,45.8333333333333,0.484375,0.655172413793103,0.65,0.722222222222222,0.588235294117647,0.729166666666667,4.31748811353631
"79",79,"adv_suburb","female",57,"once_twice","school","encouraged",31,19,14,36,13,11,32,50,17,47,15,22,82,1,1,1,96.875,100,32.7586206896552,86.2068965517241,70,85,66.6666666666667,87.037037037037,76.4705882352941,88.2352941176471,45.8333333333333,91.6666666666667,3.125,53.448275862069,15,20.3703703703704,11.7647058823529,45.8333333333333,0.515625,0.767241379310345,0.575,0.601851851851852,0.558823529411765,0.729166666666667,4.40671924726425
"80",80,"adv_suburb","female",55,"over_five","home","not_encouraged",20,12,9,16,11,18,30,30,14,18,12,16,47,1,0,1,62.5,93.75,20.6896551724138,51.7241379310345,45,70,29.6296296296296,33.3333333333333,64.7058823529412,70.5882352941177,75,66.6666666666667,31.25,31.0344827586207,25,3.70370370370371,5.88235294117648,-8.33333333333333,0.65625,0.655172413793103,0.625,0.518518518518518,0.529411764705882,0.458333333333333,3.85014760171006
"81",81,"adv_suburb","female",55,"over_five","home","not_encouraged",26,14,8,24,13,12,30,45,19,43,15,24,62,1,0,1,81.25,93.75,24.1379310344828,77.5862068965517,40,95,44.4444444444444,79.6296296296296,76.4705882352941,88.2352941176471,50,100,12.5,53.448275862069,55,35.1851851851852,11.7647058823529,50,0.5625,0.767241379310345,0.775,0.675925925925926,0.558823529411765,0.75,4.12713438504509
"82",82,"adv_suburb","male",50,"three_five","school","encouraged",30,44,15,45,12,11,32,53,19,52,15,23,67,0,1,1,93.75,100,75.8620689655172,91.3793103448276,75,95,83.3333333333333,96.2962962962963,70.5882352941177,88.2352941176471,45.8333333333333,95.8333333333333,6.25,15.5172413793103,20,12.962962962963,17.6470588235294,50,0.53125,0.577586206896552,0.6,0.564814814814815,0.588235294117647,0.75,4.20469261939097
"83",83,"adv_suburb","male",52,"three_five","school","encouraged",26,13,11,34,12,12,30,45,17,43,13,21,40,1,1,1,81.25,93.75,22.4137931034483,77.5862068965517,55,85,62.962962962963,79.6296296296296,70.5882352941177,76.4705882352941,50,87.5,12.5,55.1724137931035,30,16.6666666666667,5.88235294117646,37.5,0.5625,0.775862068965517,0.65,0.583333333333333,0.529411764705882,0.6875,3.68887945411394
"84",84,"adv_suburb","female",45,"once_twice","school","encouraged",28,12,9,16,7,8,28,21,14,32,9,17,41,0,1,1,87.5,87.5,20.6896551724138,36.2068965517241,45,70,29.6296296296296,59.2592592592593,41.1764705882353,52.9411764705882,33.3333333333333,70.8333333333333,0,15.5172413793103,25,29.6296296296296,11.7647058823529,37.5,0.5,0.577586206896552,0.625,0.648148148148148,0.558823529411765,0.6875,3.71357206670431
"85",85,"adv_suburb","female",52,"three_five","school","encouraged",24,14,8,18,8,7,28,43,12,41,13,15,56,1,1,1,75,87.5,24.1379310344828,74.1379310344828,40,60,33.3333333333333,75.9259259259259,47.0588235294118,76.4705882352941,29.1666666666667,62.5,12.5,50,20,42.5925925925926,29.4117647058823,33.3333333333333,0.5625,0.75,0.6,0.712962962962963,0.647058823529412,0.666666666666667,4.02535169073515
"86",86,"adv_suburb","male",53,"over_five","home","encouraged",26,17,15,32,13,16,27,37,15,31,14,23,73,1,1,1,81.25,84.375,29.3103448275862,63.7931034482759,75,75,59.2592592592593,57.4074074074074,76.4705882352941,82.3529411764706,66.6666666666667,95.8333333333333,3.125,34.4827586206897,0,-1.85185185185185,5.88235294117648,29.1666666666667,0.515625,0.672413793103448,0.5,0.490740740740741,0.529411764705882,0.645833333333333,4.29045944114839
"87",87,"adv_suburb","female",53,"over_five","school","not_encouraged",29,10,17,23,13,15,32,51,19,48,16,21,85,1,0,1,90.625,100,17.2413793103448,87.9310344827586,85,95,42.5925925925926,88.8888888888889,76.4705882352941,94.1176470588235,62.5,87.5,9.375,70.6896551724138,10,46.2962962962963,17.6470588235294,25,0.546875,0.853448275862069,0.55,0.731481481481481,0.588235294117647,0.625,4.44265125649032
"88",88,"adv_suburb","female",53,"once_twice","school","not_encouraged",23,12,12,15,11,17,28,20,15,19,8,19,59,1,0,1,71.875,87.5,20.6896551724138,34.4827586206897,60,75,27.7777777777778,35.1851851851852,64.7058823529412,47.0588235294118,70.8333333333333,79.1666666666667,15.625,13.7931034482759,15,7.4074074074074,-17.6470588235294,8.33333333333334,0.578125,0.568965517241379,0.575,0.537037037037037,0.411764705882353,0.541666666666667,4.07753744390572
"89",89,"adv_suburb","female",56,"three_five","home","not_encouraged",28,29,11,43,13,22,31,32,15,40,15,21,58,1,0,1,87.5,96.875,50,55.1724137931034,55,75,79.6296296296296,74.0740740740741,76.4705882352941,88.2352941176471,91.6666666666667,87.5,9.375,5.17241379310344,20,-5.55555555555556,11.7647058823529,-4.16666666666667,0.546875,0.525862068965517,0.6,0.472222222222222,0.558823529411765,0.479166666666667,4.06044301054642
"90",90,"adv_suburb","female",54,"over_five","school","not_encouraged",32,46,15,48,13,21,32,51,19,50,16,23,92,1,0,1,100,100,79.3103448275862,87.9310344827586,75,95,88.8888888888889,92.5925925925926,76.4705882352941,94.1176470588235,87.5,95.8333333333333,0,8.62068965517241,20,3.70370370370371,17.6470588235294,8.33333333333333,0.5,0.543103448275862,0.6,0.518518518518519,0.588235294117647,0.541666666666667,4.52178857704904
"91",91,"adv_suburb","male",50,"once_twice","school","encouraged",22,17,8,18,12,14,25,16,14,32,14,17,69,0,1,1,68.75,78.125,29.3103448275862,27.5862068965517,40,70,33.3333333333333,59.2592592592593,70.5882352941177,82.3529411764706,58.3333333333333,70.8333333333333,9.375,-1.72413793103448,30,25.9259259259259,11.7647058823529,12.5,0.546875,0.491379310344828,0.65,0.62962962962963,0.558823529411765,0.5625,4.23410650459726
"92",92,"adv_suburb","male",50,"three_five","home","encouraged",29,25,14,35,15,20,26,36,16,31,8,15,56,0,1,1,90.625,81.25,43.1034482758621,62.0689655172414,70,80,64.8148148148148,57.4074074074074,88.2352941176471,47.0588235294118,83.3333333333333,62.5,-9.375,18.9655172413793,10,-7.4074074074074,-41.1764705882353,-20.8333333333333,0.453125,0.594827586206897,0.55,0.462962962962963,0.294117647058824,0.395833333333333,4.02535169073515
"93",93,"adv_suburb","female",53,"over_five","home","encouraged",25,17,12,30,13,17,29,40,17,40,13,22,78,1,1,1,78.125,90.625,29.3103448275862,68.9655172413793,60,85,55.5555555555556,74.0740740740741,76.4705882352941,76.4705882352941,70.8333333333333,91.6666666666667,12.5,39.6551724137931,25,18.5185185185185,0,20.8333333333333,0.5625,0.698275862068966,0.625,0.592592592592593,0.5,0.604166666666667,4.35670882668959
"94",94,"adv_suburb","male",45,"over_five","home","encouraged",21,16,12,15,11,17,29,36,19,29,10,16,58,0,1,1,65.625,90.625,27.5862068965517,62.0689655172414,60,95,27.7777777777778,53.7037037037037,64.7058823529412,58.8235294117647,70.8333333333333,66.6666666666667,25,34.4827586206897,35,25.9259259259259,-5.88235294117647,-4.16666666666666,0.625,0.672413793103448,0.675,0.62962962962963,0.470588235294118,0.479166666666667,4.06044301054642
"95",95,"adv_suburb","female",56,"over_five","home","encouraged",32,22,15,32,11,13,31,46,20,51,14,24,78,1,1,1,100,96.875,37.9310344827586,79.3103448275862,75,100,59.2592592592593,94.4444444444444,64.7058823529412,82.3529411764706,54.1666666666667,100,-3.125,41.3793103448276,25,35.1851851851852,17.6470588235294,45.8333333333333,0.484375,0.706896551724138,0.625,0.675925925925926,0.588235294117647,0.729166666666667,4.35670882668959
"96",96,"adv_suburb","male",53,"three_five","home","encouraged",31,14,16,29,11,17,32,43,19,42,13,22,67,1,1,1,96.875,100,24.1379310344828,74.1379310344828,80,95,53.7037037037037,77.7777777777778,64.7058823529412,76.4705882352941,70.8333333333333,91.6666666666667,3.125,50,15,24.0740740740741,11.7647058823529,20.8333333333333,0.515625,0.75,0.575,0.62037037037037,0.558823529411765,0.604166666666667,4.20469261939097
"97",97,"adv_suburb","female",46,"over_five","home","encouraged",22,28,14,20,5,15,32,42,13,29,15,18,69,0,1,1,68.75,100,48.2758620689655,72.4137931034483,70,65,37.037037037037,53.7037037037037,29.4117647058824,88.2352941176471,62.5,75,31.25,24.1379310344828,-5,16.6666666666667,58.8235294117647,12.5,0.65625,0.620689655172414,0.475,0.583333333333333,0.794117647058824,0.5625,4.23410650459726
"98",98,"adv_suburb","female",46,"once_twice","home","not_encouraged",30,18,14,23,11,11,29,33,13,36,8,16,53,0,0,1,93.75,90.625,31.0344827586207,56.8965517241379,70,65,42.5925925925926,66.6666666666667,64.7058823529412,47.0588235294118,45.8333333333333,66.6666666666667,-3.125,25.8620689655172,-5,24.0740740740741,-17.6470588235294,20.8333333333333,0.484375,0.629310344827586,0.475,0.62037037037037,0.411764705882353,0.604166666666667,3.97029191355212
"99",99,"adv_suburb","male",50,"three_five","home","not_encouraged",18,13,8,14,11,12,19,23,11,31,12,17,55,0,0,1,56.25,59.375,22.4137931034483,39.6551724137931,40,55,25.9259259259259,57.4074074074074,64.7058823529412,70.5882352941177,50,70.8333333333333,3.125,17.2413793103448,15,31.4814814814815,5.88235294117648,20.8333333333333,0.515625,0.586206896551724,0.575,0.657407407407407,0.529411764705882,0.604166666666667,4.00733318523247
"100",0,"adv_suburb","female",47,"rare","home","not_encouraged",17,10,5,11,8,7,18,19,9,8,10,13,53,0,0,0,53.125,56.25,17.2413793103448,32.7586206896552,25,45,20.3703703703704,14.8148148148148,47.0588235294118,58.8235294117647,29.1666666666667,54.1666666666667,3.125,15.5172413793103,20,-5.55555555555556,11.7647058823529,25,0.515625,0.577586206896552,0.6,0.472222222222222,0.558823529411765,0.625,3.97029191355212
"101",101,"adv_suburb","male",56,"once_twice","school","encouraged",27,11,15,22,13,14,30,47,20,45,15,24,67,1,1,1,84.375,93.75,18.9655172413793,81.0344827586207,75,100,40.7407407407407,83.3333333333333,76.4705882352941,88.2352941176471,58.3333333333333,100,9.375,62.0689655172414,25,42.5925925925926,11.7647058823529,41.6666666666667,0.546875,0.810344827586207,0.625,0.712962962962963,0.558823529411765,0.708333333333333,4.20469261939097
"102",102,"adv_suburb","female",46,"three_five","home","encouraged",27,13,13,22,12,13,28,36,17,46,11,20,62,0,1,1,84.375,87.5,22.4137931034483,62.0689655172414,65,85,40.7407407407407,85.1851851851852,70.5882352941177,64.7058823529412,54.1666666666667,83.3333333333333,3.125,39.6551724137931,20,44.4444444444444,-5.88235294117648,29.1666666666667,0.515625,0.698275862068966,0.6,0.722222222222222,0.470588235294118,0.645833333333333,4.12713438504509
"103",103,"adv_suburb","female",45,"over_five","home","encouraged",21,23,14,27,13,20,31,48,19,44,11,24,59,0,1,1,65.625,96.875,39.6551724137931,82.7586206896552,70,95,50,81.4814814814815,76.4705882352941,64.7058823529412,83.3333333333333,100,31.25,43.1034482758621,25,31.4814814814815,-11.7647058823529,16.6666666666667,0.65625,0.71551724137931,0.625,0.657407407407407,0.441176470588235,0.583333333333333,4.07753744390572
"104",104,"adv_suburb","female",46,"over_five","home","encouraged",19,17,4,19,10,13,28,36,16,29,10,15,46,0,1,1,59.375,87.5,29.3103448275862,62.0689655172414,20,80,35.1851851851852,53.7037037037037,58.8235294117647,58.8235294117647,54.1666666666667,62.5,28.125,32.7586206896552,60,18.5185185185185,0,8.33333333333334,0.640625,0.663793103448276,0.8,0.592592592592593,0.5,0.541666666666667,3.8286413964891
"105",105,"adv_suburb","female",47,"three_five","home","encouraged",31,9,14,24,11,16,32,42,17,42,11,20,58,0,1,1,96.875,100,15.5172413793103,72.4137931034483,70,85,44.4444444444444,77.7777777777778,64.7058823529412,64.7058823529412,66.6666666666667,83.3333333333333,3.125,56.8965517241379,15,33.3333333333333,0,16.6666666666667,0.515625,0.78448275862069,0.575,0.666666666666667,0.5,0.583333333333333,4.06044301054642
"106",106,"adv_suburb","male",52,"once_twice","school","encouraged",26,16,12,30,14,16,27,29,20,41,15,21,92,1,1,1,81.25,84.375,27.5862068965517,50,60,100,55.5555555555556,75.9259259259259,82.3529411764706,88.2352941176471,66.6666666666667,87.5,3.125,22.4137931034483,40,20.3703703703704,5.88235294117646,20.8333333333333,0.515625,0.612068965517241,0.7,0.601851851851852,0.529411764705882,0.604166666666667,4.52178857704904
"107",107,"adv_suburb","female",52,"over_five","school","encouraged",24,15,12,30,14,14,31,45,18,49,13,23,48,1,1,1,75,96.875,25.8620689655172,77.5862068965517,60,90,55.5555555555556,90.7407407407407,82.3529411764706,76.4705882352941,58.3333333333333,95.8333333333333,21.875,51.7241379310345,30,35.1851851851852,-5.88235294117648,37.5,0.609375,0.758620689655172,0.65,0.675925925925926,0.470588235294118,0.6875,3.87120101090789
"108",108,"adv_suburb","male",56,"once_twice","home","encouraged",21,22,12,25,12,15,29,37,14,46,14,18,65,1,1,1,65.625,90.625,37.9310344827586,63.7931034482759,60,70,46.2962962962963,85.1851851851852,70.5882352941177,82.3529411764706,62.5,75,25,25.8620689655172,10,38.8888888888889,11.7647058823529,12.5,0.625,0.629310344827586,0.55,0.694444444444444,0.558823529411765,0.5625,4.17438726989564
"109",109,"adv_suburb","male",48,"over_five","home","encouraged",28,22,13,19,11,8,32,48,18,43,15,19,67,0,1,1,87.5,100,37.9310344827586,82.7586206896552,65,90,35.1851851851852,79.6296296296296,64.7058823529412,88.2352941176471,33.3333333333333,79.1666666666667,12.5,44.8275862068966,25,44.4444444444444,23.5294117647059,45.8333333333333,0.5625,0.724137931034483,0.625,0.722222222222222,0.61764705882353,0.729166666666667,4.20469261939097
"110",110,"adv_suburb","male",49,"three_five","home","encouraged",25,16,13,18,15,15,27,48,13,45,15,18,59,0,1,1,78.125,84.375,27.5862068965517,82.7586206896552,65,65,33.3333333333333,83.3333333333333,88.2352941176471,88.2352941176471,62.5,75,6.25,55.1724137931035,0,50,0,12.5,0.53125,0.775862068965517,0.5,0.75,0.5,0.5625,4.07753744390572
"111",111,"adv_suburb","female",55,"over_five","school","encouraged",32,8,13,23,11,17,29,35,18,36,11,19,39,1,1,1,100,90.625,13.7931034482759,60.3448275862069,65,90,42.5925925925926,66.6666666666667,64.7058823529412,64.7058823529412,70.8333333333333,79.1666666666667,-9.375,46.551724137931,25,24.0740740740741,0,8.33333333333334,0.453125,0.732758620689655,0.625,0.62037037037037,0.5,0.541666666666667,3.66356164612965
"112",112,"adv_suburb","female",45,"three_five","home","encouraged",22,15,12,20,9,14,25,21,15,21,9,16,47,0,1,1,68.75,78.125,25.8620689655172,36.2068965517241,60,75,37.037037037037,38.8888888888889,52.9411764705882,52.9411764705882,58.3333333333333,66.6666666666667,9.375,10.3448275862069,15,1.85185185185185,0,8.33333333333334,0.546875,0.551724137931034,0.575,0.509259259259259,0.5,0.541666666666667,3.85014760171006
"113",113,"adv_suburb","male",45,"three_five","home","encouraged",32,16,14,30,11,17,25,26,17,39,13,19,51,0,1,1,100,78.125,27.5862068965517,44.8275862068966,70,85,55.5555555555556,72.2222222222222,64.7058823529412,76.4705882352941,70.8333333333333,79.1666666666667,-21.875,17.2413793103448,15,16.6666666666667,11.7647058823529,8.33333333333334,0.390625,0.586206896551724,0.575,0.583333333333333,0.558823529411765,0.541666666666667,3.93182563272433
"114",114,"adv_suburb","female",48,"over_five","home","encouraged",31,6,8,13,7,13,29,32,15,23,7,16,43,0,1,1,96.875,90.625,10.3448275862069,55.1724137931034,40,75,24.0740740740741,42.5925925925926,41.1764705882353,41.1764705882353,54.1666666666667,66.6666666666667,-6.25,44.8275862068965,35,18.5185185185185,0,12.5,0.46875,0.724137931034483,0.675,0.592592592592593,0.5,0.5625,3.76120011569356
"115",115,"adv_suburb","male",58,"rare","home","not_encouraged",19,14,12,23,11,10,28,15,10,34,11,7,65,1,0,0,59.375,87.5,24.1379310344828,25.8620689655172,60,50,42.5925925925926,62.962962962963,64.7058823529412,64.7058823529412,41.6666666666667,29.1666666666667,28.125,1.72413793103448,-10,20.3703703703704,0,-12.5,0.640625,0.508620689655172,0.45,0.601851851851852,0.5,0.4375,4.17438726989564
"116",116,"adv_rural","male",55,"once_twice","home","encouraged",20,16,7,14,9,9,21,11,13,20,13,13,39,1,1,1,62.5,65.625,27.5862068965517,18.9655172413793,35,65,25.9259259259259,37.037037037037,52.9411764705882,76.4705882352941,37.5,54.1666666666667,3.125,-8.62068965517241,30,11.1111111111111,23.5294117647059,16.6666666666667,0.515625,0.456896551724138,0.65,0.555555555555556,0.61764705882353,0.583333333333333,3.66356164612965
"117",117,"adv_rural","female",48,"rare","home","not_encouraged",20,15,5,13,8,7,21,14,3,17,10,7,33,0,0,0,62.5,65.625,25.8620689655172,24.1379310344828,25,15,24.0740740740741,31.4814814814815,47.0588235294118,58.8235294117647,29.1666666666667,29.1666666666667,3.125,-1.72413793103448,-10,7.40740740740741,11.7647058823529,0,0.515625,0.491379310344828,0.45,0.537037037037037,0.558823529411765,0.5,3.49650756146648
"118",118,"adv_rural","female",52,"three_five","home","encouraged",14,6,3,9,4,8,18,19,20,18,12,20,34,1,1,1,43.75,56.25,10.3448275862069,32.7586206896552,15,100,16.6666666666667,33.3333333333333,23.5294117647059,70.5882352941177,33.3333333333333,83.3333333333333,12.5,22.4137931034483,85,16.6666666666667,47.0588235294118,50,0.5625,0.612068965517241,0.925,0.583333333333333,0.735294117647059,0.75,3.52636052461616
"119",119,"adv_rural","female",58,"rare","home","encouraged",20,11,5,25,9,7,26,16,10,23,12,12,35,1,1,0,62.5,81.25,18.9655172413793,27.5862068965517,25,50,46.2962962962963,42.5925925925926,52.9411764705882,70.5882352941177,29.1666666666667,50,18.75,8.62068965517241,25,-3.7037037037037,17.6470588235294,20.8333333333333,0.59375,0.543103448275862,0.625,0.481481481481482,0.588235294117647,0.604166666666667,3.55534806148941
"120",120,"adv_rural","male",50,"three_five","school","not_encouraged",13,12,5,11,10,9,21,18,10,19,10,9,32,0,0,1,40.625,65.625,20.6896551724138,31.0344827586207,25,50,20.3703703703704,35.1851851851852,58.8235294117647,58.8235294117647,37.5,37.5,25,10.3448275862069,25,14.8148148148148,0,0,0.625,0.551724137931034,0.625,0.574074074074074,0.5,0.5,3.46573590279973
"121",121,"adv_rural","male",58,"three_five","school","not_encouraged",22,19,11,35,10,17,23,44,18,46,13,19,44,1,0,1,68.75,71.875,32.7586206896552,75.8620689655172,55,90,64.8148148148148,85.1851851851852,58.8235294117647,76.4705882352941,70.8333333333333,79.1666666666667,3.125,43.1034482758621,35,20.3703703703704,17.6470588235294,8.33333333333334,0.515625,0.71551724137931,0.675,0.601851851851852,0.588235294117647,0.541666666666667,3.78418963391826
"122",122,"adv_rural","female",49,"over_five","school","not_encouraged",14,13,7,5,5,7,17,16,12,19,12,15,31,0,0,1,43.75,53.125,22.4137931034483,27.5862068965517,35,60,9.25925925925926,35.1851851851852,29.4117647058824,70.5882352941177,29.1666666666667,62.5,9.375,5.17241379310344,25,25.9259259259259,41.1764705882353,33.3333333333333,0.546875,0.525862068965517,0.625,0.62962962962963,0.705882352941177,0.666666666666667,3.43398720448515
"123",123,"adv_rural","male",56,"over_five","school","not_encouraged",24,17,9,16,11,10,29,35,17,40,14,19,44,1,0,1,75,90.625,29.3103448275862,60.3448275862069,45,85,29.6296296296296,74.0740740740741,64.7058823529412,82.3529411764706,41.6666666666667,79.1666666666667,15.625,31.0344827586207,40,44.4444444444444,17.6470588235294,37.5,0.578125,0.655172413793103,0.7,0.722222222222222,0.588235294117647,0.6875,3.78418963391826
"124",124,"adv_rural","male",50,"rare","home","not_encouraged",7,14,4,10,5,5,19,15,13,14,13,17,27,0,0,0,21.875,59.375,24.1379310344828,25.8620689655172,20,65,18.5185185185185,25.9259259259259,29.4117647058824,76.4705882352941,20.8333333333333,70.8333333333333,37.5,1.72413793103448,45,7.40740740740741,47.0588235294118,50,0.6875,0.508620689655172,0.725,0.537037037037037,0.735294117647059,0.75,3.29583686600433
"125",125,"adv_rural","female",49,"rare","home","encouraged",20,18,3,14,6,6,11,12,6,8,9,5,29,0,1,0,62.5,34.375,31.0344827586207,20.6896551724138,15,30,25.9259259259259,14.8148148148148,35.2941176470588,52.9411764705882,25,20.8333333333333,-28.125,-10.3448275862069,15,-11.1111111111111,17.6470588235294,-4.16666666666667,0.359375,0.448275862068966,0.575,0.444444444444444,0.588235294117647,0.479166666666667,3.36729582998647
"126",126,"adv_rural","male",46,"once_twice","home","encouraged",15,14,8,23,14,12,25,18,14,30,12,16,47,0,1,1,46.875,78.125,24.1379310344828,31.0344827586207,40,70,42.5925925925926,55.5555555555556,82.3529411764706,70.5882352941177,50,66.6666666666667,31.25,6.89655172413793,30,12.962962962963,-11.7647058823529,16.6666666666667,0.65625,0.53448275862069,0.65,0.564814814814815,0.441176470588235,0.583333333333333,3.85014760171006
"127",127,"adv_rural","male",57,"once_twice","home","encouraged",26,14,9,23,15,9,28,15,14,24,12,9,35,1,1,1,81.25,87.5,24.1379310344828,25.8620689655172,45,70,42.5925925925926,44.4444444444444,88.2352941176471,70.5882352941177,37.5,37.5,6.25,1.72413793103448,25,1.85185185185185,-17.6470588235294,0,0.53125,0.508620689655172,0.625,0.509259259259259,0.411764705882353,0.5,3.55534806148941
"128",128,"adv_rural","male",44,"rare","school","not_encouraged",12,9,7,14,9,14,13,13,7,17,9,7,32,0,0,0,37.5,40.625,15.5172413793103,22.4137931034483,35,35,25.9259259259259,31.4814814814815,52.9411764705882,52.9411764705882,58.3333333333333,29.1666666666667,3.125,6.89655172413793,0,5.55555555555555,0,-29.1666666666667,0.515625,0.53448275862069,0.5,0.527777777777778,0.5,0.354166666666667,3.46573590279973
"129",129,"adv_rural","female",41,"once_twice","school","not_encouraged",16,14,9,10,11,9,22,17,9,23,8,13,36,0,0,1,50,68.75,24.1379310344828,29.3103448275862,45,45,18.5185185185185,42.5925925925926,64.7058823529412,47.0588235294118,37.5,54.1666666666667,18.75,5.17241379310345,0,24.0740740740741,-17.6470588235294,16.6666666666667,0.59375,0.525862068965517,0.5,0.62037037037037,0.411764705882353,0.583333333333333,3.58351893845611
"130",130,"adv_rural","female",58,"over_five","school","encouraged",17,9,11,28,8,13,29,13,12,29,12,15,38,1,1,1,53.125,90.625,15.5172413793103,22.4137931034483,55,60,51.8518518518519,53.7037037037037,47.0588235294118,70.5882352941177,54.1666666666667,62.5,37.5,6.89655172413793,5,1.85185185185185,23.5294117647059,8.33333333333334,0.6875,0.53448275862069,0.525,0.509259259259259,0.61764705882353,0.541666666666667,3.63758615972639
"131",131,"adv_rural","female",60,"over_five","school","encouraged",31,19,11,27,11,16,31,31,17,38,13,22,42,1,1,1,96.875,96.875,32.7586206896552,53.448275862069,55,85,50,70.3703703703704,64.7058823529412,76.4705882352941,66.6666666666667,91.6666666666667,0,20.6896551724138,30,20.3703703703704,11.7647058823529,25,0.5,0.603448275862069,0.65,0.601851851851852,0.558823529411765,0.625,3.73766961828337
"132",132,"adv_rural","female",40,"once_twice","home","encouraged",12,14,3,17,6,6,16,13,6,17,10,9,27,0,1,1,37.5,50,24.1379310344828,22.4137931034483,15,30,31.4814814814815,31.4814814814815,35.2941176470588,58.8235294117647,25,37.5,12.5,-1.72413793103448,15,0,23.5294117647059,12.5,0.5625,0.491379310344828,0.575,0.5,0.61764705882353,0.5625,3.29583686600433
"133",133,"adv_rural","female",37,"once_twice","home","encouraged",7,4,6,4,5,4,13,13,6,14,9,11,60,0,1,1,21.875,40.625,6.89655172413793,22.4137931034483,30,30,7.40740740740741,25.9259259259259,29.4117647058824,52.9411764705882,16.6666666666667,45.8333333333333,18.75,15.5172413793103,0,18.5185185185185,23.5294117647059,29.1666666666667,0.59375,0.577586206896552,0.5,0.592592592592593,0.61764705882353,0.645833333333333,4.0943445622221
"134",134,"adv_rural","male",45,"rare","home","encouraged",12,5,5,9,7,7,15,13,12,20,12,11,28,0,1,0,37.5,46.875,8.62068965517241,22.4137931034483,25,60,16.6666666666667,37.037037037037,41.1764705882353,70.5882352941177,29.1666666666667,45.8333333333333,9.375,13.7931034482759,35,20.3703703703704,29.4117647058824,16.6666666666667,0.546875,0.568965517241379,0.675,0.601851851851852,0.647058823529412,0.583333333333333,3.3322045101752
"135",135,"adv_rural","male",60,"three_five","home","encouraged",17,18,9,14,7,6,32,36,13,32,13,12,33,1,1,1,53.125,100,31.0344827586207,62.0689655172414,45,65,25.9259259259259,59.2592592592593,41.1764705882353,76.4705882352941,25,50,46.875,31.0344827586207,20,33.3333333333333,35.2941176470588,25,0.734375,0.655172413793103,0.6,0.666666666666667,0.676470588235294,0.625,3.49650756146648
"136",136,"adv_rural","male",52,"once_twice","home","not_encouraged",18,13,9,24,10,16,25,15,12,26,11,10,55,1,0,1,56.25,78.125,22.4137931034483,25.8620689655172,45,60,44.4444444444444,48.1481481481481,58.8235294117647,64.7058823529412,66.6666666666667,41.6666666666667,21.875,3.44827586206896,15,3.7037037037037,5.88235294117647,-25,0.609375,0.517241379310345,0.575,0.518518518518518,0.529411764705882,0.375,4.00733318523247
"137",137,"adv_rural","female",46,"over_five","home","encouraged",20,12,4,17,8,8,28,22,17,38,14,20,29,0,1,1,62.5,87.5,20.6896551724138,37.9310344827586,20,85,31.4814814814815,70.3703703703704,47.0588235294118,82.3529411764706,33.3333333333333,83.3333333333333,25,17.2413793103448,65,38.8888888888889,35.2941176470588,50,0.625,0.586206896551724,0.825,0.694444444444444,0.676470588235294,0.75,3.36729582998647
"138",138,"adv_rural","female",60,"over_five","home","encouraged",23,16,9,25,11,14,29,26,17,38,16,22,46,1,1,1,71.875,90.625,27.5862068965517,44.8275862068966,45,85,46.2962962962963,70.3703703703704,64.7058823529412,94.1176470588235,58.3333333333333,91.6666666666667,18.75,17.2413793103448,40,24.0740740740741,29.4117647058824,33.3333333333333,0.59375,0.586206896551724,0.7,0.62037037037037,0.647058823529412,0.666666666666667,3.8286413964891
"139",139,"adv_rural","male",60,"three_five","home","encouraged",17,11,10,15,10,14,11,13,7,16,9,13,33,1,1,1,53.125,34.375,18.9655172413793,22.4137931034483,50,35,27.7777777777778,29.6296296296296,58.8235294117647,52.9411764705882,58.3333333333333,54.1666666666667,-18.75,3.44827586206897,-15,1.85185185185185,-5.88235294117647,-4.16666666666667,0.40625,0.517241379310345,0.425,0.509259259259259,0.470588235294118,0.479166666666667,3.49650756146648
"140",140,"adv_rural","male",59,"three_five","home","encouraged",7,16,11,10,6,10,15,14,9,14,8,10,32,1,1,1,21.875,46.875,27.5862068965517,24.1379310344828,55,45,18.5185185185185,25.9259259259259,35.2941176470588,47.0588235294118,41.6666666666667,41.6666666666667,25,-3.44827586206896,-10,7.40740740740741,11.7647058823529,0,0.625,0.482758620689655,0.45,0.537037037037037,0.558823529411765,0.5,3.46573590279973
"141",141,"adv_rural","female",52,"three_five","home","encouraged",29,20,8,37,13,13,28,46,12,42,13,15,47,1,1,1,90.625,87.5,34.4827586206897,79.3103448275862,40,60,68.5185185185185,77.7777777777778,76.4705882352941,76.4705882352941,54.1666666666667,62.5,-3.125,44.8275862068965,20,9.25925925925925,0,8.33333333333334,0.484375,0.724137931034483,0.6,0.546296296296296,0.5,0.541666666666667,3.85014760171006
"142",142,"adv_rural","male",60,"three_five","home","encouraged",29,13,12,17,12,16,29,25,17,32,13,19,90,1,1,1,90.625,90.625,22.4137931034483,43.1034482758621,60,85,31.4814814814815,59.2592592592593,70.5882352941177,76.4705882352941,66.6666666666667,79.1666666666667,0,20.6896551724138,25,27.7777777777778,5.88235294117646,12.5,0.5,0.603448275862069,0.625,0.638888888888889,0.529411764705882,0.5625,4.49980967033027
"143",143,"adv_rural","female",56,"once_twice","home","encouraged",21,12,12,17,9,14,23,26,16,34,10,20,61,1,1,1,65.625,71.875,20.6896551724138,44.8275862068966,60,80,31.4814814814815,62.962962962963,52.9411764705882,58.8235294117647,58.3333333333333,83.3333333333333,6.25,24.1379310344828,20,31.4814814814815,5.88235294117647,25,0.53125,0.620689655172414,0.6,0.657407407407407,0.529411764705882,0.625,4.11087386417331
"144",144,"adv_rural","female",54,"once_twice","school","not_encouraged",18,28,9,14,12,16,27,42,18,37,11,15,36,1,0,1,56.25,84.375,48.2758620689655,72.4137931034483,45,90,25.9259259259259,68.5185185185185,70.5882352941177,64.7058823529412,66.6666666666667,62.5,28.125,24.1379310344828,45,42.5925925925926,-5.88235294117648,-4.16666666666667,0.640625,0.620689655172414,0.725,0.712962962962963,0.470588235294118,0.479166666666667,3.58351893845611
"145",145,"adv_rural","female",61,"three_five","home","encouraged",13,12,8,16,7,11,28,15,15,18,7,15,35,1,1,1,40.625,87.5,20.6896551724138,25.8620689655172,40,75,29.6296296296296,33.3333333333333,41.1764705882353,41.1764705882353,45.8333333333333,62.5,46.875,5.17241379310345,35,3.70370370370371,0,16.6666666666667,0.734375,0.525862068965517,0.675,0.518518518518518,0.5,0.583333333333333,3.55534806148941
"146",146,"adv_rural","female",61,"three_five","home","encouraged",29,18,12,22,11,14,30,25,17,39,13,19,48,1,1,1,90.625,93.75,31.0344827586207,43.1034482758621,60,85,40.7407407407407,72.2222222222222,64.7058823529412,76.4705882352941,58.3333333333333,79.1666666666667,3.125,12.0689655172414,25,31.4814814814815,11.7647058823529,20.8333333333333,0.515625,0.560344827586207,0.625,0.657407407407407,0.558823529411765,0.604166666666667,3.87120101090789
"147",147,"adv_rural","female",51,"three_five","home","encouraged",17,15,5,11,10,11,32,43,14,44,15,21,35,0,1,1,53.125,100,25.8620689655172,74.1379310344828,25,70,20.3703703703704,81.4814814814815,58.8235294117647,88.2352941176471,45.8333333333333,87.5,46.875,48.2758620689655,45,61.1111111111111,29.4117647058824,41.6666666666667,0.734375,0.741379310344828,0.725,0.805555555555556,0.647058823529412,0.708333333333333,3.55534806148941
"148",148,"adv_rural","male",49,"over_five","school","encouraged",19,17,7,16,3,6,27,27,18,43,15,20,35,0,1,1,59.375,84.375,29.3103448275862,46.551724137931,35,90,29.6296296296296,79.6296296296296,17.6470588235294,88.2352941176471,25,83.3333333333333,25,17.2413793103448,55,50,70.5882352941177,58.3333333333333,0.625,0.586206896551724,0.775,0.75,0.852941176470588,0.791666666666667,3.55534806148941
"149",149,"adv_rural","male",52,"once_twice","home","encouraged",22,13,10,20,11,14,22,14,9,21,9,7,35,1,1,1,68.75,68.75,22.4137931034483,24.1379310344828,50,45,37.037037037037,38.8888888888889,64.7058823529412,52.9411764705882,58.3333333333333,29.1666666666667,0,1.72413793103448,-5,1.85185185185185,-11.7647058823529,-29.1666666666667,0.5,0.508620689655172,0.475,0.509259259259259,0.441176470588235,0.354166666666667,3.55534806148941
"150",150,"adv_rural","female",55,"three_five","school","encouraged",25,13,12,16,10,14,26,17,6,31,13,9,35,1,1,1,78.125,81.25,22.4137931034483,29.3103448275862,60,30,29.6296296296296,57.4074074074074,58.8235294117647,76.4705882352941,58.3333333333333,37.5,3.125,6.89655172413793,-30,27.7777777777778,17.6470588235294,-20.8333333333333,0.515625,0.53448275862069,0.35,0.638888888888889,0.588235294117647,0.395833333333333,3.55534806148941
"151",151,"adv_rural","female",60,"over_five","school","encouraged",28,10,10,22,12,15,28,15,15,30,11,17,45,1,1,1,87.5,87.5,17.2413793103448,25.8620689655172,50,75,40.7407407407407,55.5555555555556,70.5882352941177,64.7058823529412,62.5,70.8333333333333,0,8.62068965517241,25,14.8148148148148,-5.88235294117648,8.33333333333333,0.5,0.543103448275862,0.625,0.574074074074074,0.470588235294118,0.541666666666667,3.80666248977032
"152",152,"adv_rural","female",43,"rare","school","not_encouraged",14,9,5,15,5,6,16,16,12,14,10,14,33,0,0,0,43.75,50,15.5172413793103,27.5862068965517,25,60,27.7777777777778,25.9259259259259,29.4117647058824,58.8235294117647,25,58.3333333333333,6.25,12.0689655172414,35,-1.85185185185185,29.4117647058824,33.3333333333333,0.53125,0.560344827586207,0.675,0.490740740740741,0.647058823529412,0.666666666666667,3.49650756146648
"153",153,"adv_rural","male",55,"three_five","school","encouraged",14,7,9,15,9,12,18,15,16,22,11,16,42,1,1,1,43.75,56.25,12.0689655172414,25.8620689655172,45,80,27.7777777777778,40.7407407407407,52.9411764705882,64.7058823529412,50,66.6666666666667,12.5,13.7931034482759,35,12.962962962963,11.7647058823529,16.6666666666667,0.5625,0.568965517241379,0.675,0.564814814814815,0.558823529411765,0.583333333333333,3.73766961828337
"154",154,"adv_rural","female",52,"over_five","school","encouraged",18,11,9,15,8,12,23,23,15,40,13,18,32,1,1,1,56.25,71.875,18.9655172413793,39.6551724137931,45,75,27.7777777777778,74.0740740740741,47.0588235294118,76.4705882352941,50,75,15.625,20.6896551724138,30,46.2962962962963,29.4117647058823,25,0.578125,0.603448275862069,0.65,0.731481481481482,0.647058823529412,0.625,3.46573590279973
"155",155,"adv_rural","female",56,"rare","school","encouraged",26,24,13,25,9,10,17,7,3,13,6,5,40,1,1,0,81.25,53.125,41.3793103448276,12.0689655172414,65,15,46.2962962962963,24.0740740740741,52.9411764705882,35.2941176470588,41.6666666666667,20.8333333333333,-28.125,-29.3103448275862,-50,-22.2222222222222,-17.6470588235294,-20.8333333333333,0.359375,0.353448275862069,0.25,0.388888888888889,0.411764705882353,0.395833333333333,3.68887945411394
"156",156,"adv_rural","male",56,"over_five","home","encouraged",24,11,11,28,14,17,27,14,15,40,12,21,42,1,1,1,75,84.375,18.9655172413793,24.1379310344828,55,75,51.8518518518519,74.0740740740741,82.3529411764706,70.5882352941177,70.8333333333333,87.5,9.375,5.17241379310345,20,22.2222222222222,-11.7647058823529,16.6666666666667,0.546875,0.525862068965517,0.6,0.611111111111111,0.441176470588235,0.583333333333333,3.73766961828337
"157",157,"adv_rural","female",47,"once_twice","home","encouraged",20,19,9,25,12,8,26,24,13,35,11,17,46,0,1,1,62.5,81.25,32.7586206896552,41.3793103448276,45,65,46.2962962962963,64.8148148148148,70.5882352941177,64.7058823529412,33.3333333333333,70.8333333333333,18.75,8.62068965517241,20,18.5185185185185,-5.88235294117648,37.5,0.59375,0.543103448275862,0.6,0.592592592592593,0.470588235294118,0.6875,3.8286413964891
"158",158,"adv_rural","female",56,"once_twice","home","encouraged",17,18,8,17,5,9,24,17,10,19,10,15,39,1,1,1,53.125,75,31.0344827586207,29.3103448275862,40,50,31.4814814814815,35.1851851851852,29.4117647058824,58.8235294117647,37.5,62.5,21.875,-1.72413793103448,10,3.7037037037037,29.4117647058824,25,0.609375,0.491379310344828,0.55,0.518518518518518,0.647058823529412,0.625,3.66356164612965
"159",159,"adv_rural","female",52,"three_five","home","encouraged",28,15,13,27,9,15,31,16,16,22,12,18,69,1,1,1,87.5,96.875,25.8620689655172,27.5862068965517,65,80,50,40.7407407407407,52.9411764705882,70.5882352941177,62.5,75,9.375,1.72413793103448,15,-9.25925925925926,17.6470588235294,12.5,0.546875,0.508620689655172,0.575,0.453703703703704,0.588235294117647,0.5625,4.23410650459726
"160",160,"adv_rural","female",51,"over_five","home","encouraged",23,14,11,23,8,11,31,37,17,42,14,18,36,0,1,1,71.875,96.875,24.1379310344828,63.7931034482759,55,85,42.5925925925926,77.7777777777778,47.0588235294118,82.3529411764706,45.8333333333333,75,25,39.6551724137931,30,35.1851851851852,35.2941176470588,29.1666666666667,0.625,0.698275862068966,0.65,0.675925925925926,0.676470588235294,0.645833333333333,3.58351893845611
"161",161,"adv_rural","male",51,"rare","home","encouraged",7,13,6,11,7,6,12,8,14,22,10,16,35,0,1,0,21.875,37.5,22.4137931034483,13.7931034482759,30,70,20.3703703703704,40.7407407407407,41.1764705882353,58.8235294117647,25,66.6666666666667,15.625,-8.62068965517242,40,20.3703703703704,17.6470588235294,41.6666666666667,0.578125,0.456896551724138,0.7,0.601851851851852,0.588235294117647,0.708333333333333,3.55534806148941
"162",162,"adv_rural","female",53,"three_five","home","encouraged",15,15,8,18,8,11,29,32,12,28,10,14,34,1,1,1,46.875,90.625,25.8620689655172,55.1724137931034,40,60,33.3333333333333,51.8518518518519,47.0588235294118,58.8235294117647,45.8333333333333,58.3333333333333,43.75,29.3103448275862,20,18.5185185185185,11.7647058823529,12.5,0.71875,0.646551724137931,0.6,0.592592592592593,0.558823529411765,0.5625,3.52636052461616
"163",163,"adv_rural","male",50,"over_five","home","encouraged",26,11,14,23,10,11,39,22,16,40,14,17,32,0,1,1,81.25,121.875,18.9655172413793,37.9310344827586,70,80,42.5925925925926,74.0740740740741,58.8235294117647,82.3529411764706,45.8333333333333,70.8333333333333,40.625,18.9655172413793,10,31.4814814814815,23.5294117647059,25,0.703125,0.594827586206897,0.55,0.657407407407407,0.61764705882353,0.625,3.46573590279973
"164",164,"adv_rural","female",59,"over_five","home","encouraged",16,10,8,21,9,12,25,22,14,31,10,18,38,1,1,1,50,78.125,17.2413793103448,37.9310344827586,40,70,38.8888888888889,57.4074074074074,52.9411764705882,58.8235294117647,50,75,28.125,20.6896551724138,30,18.5185185185185,5.88235294117647,25,0.640625,0.603448275862069,0.65,0.592592592592593,0.529411764705882,0.625,3.63758615972639
"165",165,"adv_rural","male",53,"three_five","home","encouraged",14,12,7,9,9,5,22,28,9,30,9,10,32,1,1,1,43.75,68.75,20.6896551724138,48.2758620689655,35,45,16.6666666666667,55.5555555555556,52.9411764705882,52.9411764705882,20.8333333333333,41.6666666666667,25,27.5862068965517,10,38.8888888888889,0,20.8333333333333,0.625,0.637931034482759,0.55,0.694444444444444,0.5,0.604166666666667,3.46573590279973
"166",166,"adv_rural","male",55,"three_five","home","encouraged",15,10,7,9,6,11,24,20,14,27,9,9,34,1,1,1,46.875,75,17.2413793103448,34.4827586206897,35,70,16.6666666666667,50,35.2941176470588,52.9411764705882,45.8333333333333,37.5,28.125,17.2413793103448,35,33.3333333333333,17.6470588235294,-8.33333333333334,0.640625,0.586206896551724,0.675,0.666666666666667,0.588235294117647,0.458333333333333,3.52636052461616
"167",167,"adv_rural","male",57,"rare","home","encouraged",6,13,2,8,7,7,18,6,4,0,1,4,35,1,1,0,18.75,56.25,22.4137931034483,10.3448275862069,10,20,14.8148148148148,0,41.1764705882353,5.88235294117647,29.1666666666667,16.6666666666667,37.5,-12.0689655172414,10,-14.8148148148148,-35.2941176470588,-12.5,0.6875,0.439655172413793,0.55,0.425925925925926,0.323529411764706,0.4375,3.55534806148941
"168",168,"adv_rural","male",58,"once_twice","home","encouraged",16,5,5,8,6,9,13,14,11,11,9,16,34,1,1,1,50,40.625,8.62068965517241,24.1379310344828,25,55,14.8148148148148,20.3703703703704,35.2941176470588,52.9411764705882,37.5,66.6666666666667,-9.375,15.5172413793103,30,5.55555555555556,17.6470588235294,29.1666666666667,0.453125,0.577586206896552,0.65,0.527777777777778,0.588235294117647,0.645833333333333,3.52636052461616
"169",169,"adv_rural","male",44,"three_five","home","encouraged",10,12,4,9,10,11,13,15,3,8,3,5,28,0,1,1,31.25,40.625,20.6896551724138,25.8620689655172,20,15,16.6666666666667,14.8148148148148,58.8235294117647,17.6470588235294,45.8333333333333,20.8333333333333,9.375,5.17241379310345,-5,-1.85185185185185,-41.1764705882353,-25,0.546875,0.525862068965517,0.475,0.490740740740741,0.294117647058824,0.375,3.3322045101752
"170",170,"adv_rural","male",39,"rare","home","not_encouraged",14,12,4,5,7,5,13,11,8,19,10,8,29,0,0,0,43.75,40.625,20.6896551724138,18.9655172413793,20,40,9.25925925925926,35.1851851851852,41.1764705882353,58.8235294117647,20.8333333333333,33.3333333333333,-3.125,-1.72413793103448,20,25.9259259259259,17.6470588235294,12.5,0.484375,0.491379310344828,0.6,0.62962962962963,0.588235294117647,0.5625,3.36729582998647
"171",171,"adv_rural","male",53,"over_five","school","encouraged",21,17,12,16,10,13,27,20,14,29,15,16,37,1,1,1,65.625,84.375,29.3103448275862,34.4827586206897,60,70,29.6296296296296,53.7037037037037,58.8235294117647,88.2352941176471,54.1666666666667,66.6666666666667,18.75,5.17241379310345,10,24.0740740740741,29.4117647058824,12.5,0.59375,0.525862068965517,0.55,0.62037037037037,0.647058823529412,0.5625,3.61091791264422
"172",172,"adv_rural","female",52,"over_five","home","encouraged",23,10,9,9,7,6,21,16,11,20,9,9,32,1,1,1,71.875,65.625,17.2413793103448,27.5862068965517,45,55,16.6666666666667,37.037037037037,41.1764705882353,52.9411764705882,25,37.5,-6.25,10.3448275862069,10,20.3703703703704,11.7647058823529,12.5,0.46875,0.551724137931034,0.55,0.601851851851852,0.558823529411765,0.5625,3.46573590279973
"173",173,"adv_rural","male",57,"three_five","home","not_encouraged",25,11,10,19,11,13,28,29,20,25,16,19,35,1,0,1,78.125,87.5,18.9655172413793,50,50,100,35.1851851851852,46.2962962962963,64.7058823529412,94.1176470588235,54.1666666666667,79.1666666666667,9.375,31.0344827586207,50,11.1111111111111,29.4117647058824,25,0.546875,0.655172413793103,0.75,0.555555555555556,0.647058823529412,0.625,3.55534806148941
"174",174,"adv_rural","female",40,"three_five","home","encouraged",11,10,7,14,4,8,16,22,11,21,9,9,35,0,1,1,34.375,50,17.2413793103448,37.9310344827586,35,55,25.9259259259259,38.8888888888889,23.5294117647059,52.9411764705882,33.3333333333333,37.5,15.625,20.6896551724138,20,12.962962962963,29.4117647058823,4.16666666666666,0.578125,0.603448275862069,0.6,0.564814814814815,0.647058823529412,0.520833333333333,3.55534806148941
"175",175,"adv_rural","female",47,"once_twice","home","encouraged",16,13,7,7,6,9,22,13,4,18,11,9,32,0,1,1,50,68.75,22.4137931034483,22.4137931034483,35,20,12.962962962963,33.3333333333333,35.2941176470588,64.7058823529412,37.5,37.5,18.75,0,-15,20.3703703703704,29.4117647058823,0,0.59375,0.5,0.425,0.601851851851852,0.647058823529412,0.5,3.46573590279973
"176",176,"adv_rural","male",51,"once_twice","home","encouraged",25,19,11,24,12,8,26,20,15,24,11,13,47,0,1,1,78.125,81.25,32.7586206896552,34.4827586206897,55,75,44.4444444444444,44.4444444444444,70.5882352941177,64.7058823529412,33.3333333333333,54.1666666666667,3.125,1.72413793103448,20,0,-5.88235294117648,20.8333333333333,0.515625,0.508620689655172,0.6,0.5,0.470588235294118,0.604166666666667,3.85014760171006
"177",177,"adv_rural","male",48,"once_twice","home","encouraged",11,7,4,14,3,13,11,12,8,27,11,10,35,0,1,1,34.375,34.375,12.0689655172414,20.6896551724138,20,40,25.9259259259259,50,17.6470588235294,64.7058823529412,54.1666666666667,41.6666666666667,0,8.62068965517241,20,24.0740740740741,47.0588235294118,-12.5,0.5,0.543103448275862,0.6,0.62037037037037,0.735294117647059,0.4375,3.55534806148941
"178",178,"adv_rural","female",49,"rare","home","not_encouraged",15,16,6,9,4,7,20,16,7,17,10,5,35,0,0,0,46.875,62.5,27.5862068965517,27.5862068965517,30,35,16.6666666666667,31.4814814814815,23.5294117647059,58.8235294117647,29.1666666666667,20.8333333333333,15.625,0,5,14.8148148148148,35.2941176470588,-8.33333333333334,0.578125,0.5,0.525,0.574074074074074,0.676470588235294,0.458333333333333,3.55534806148941
"179",179,"adv_rural","male",50,"once_twice","home","encouraged",12,8,5,17,8,10,18,19,12,13,12,17,30,0,1,1,37.5,56.25,13.7931034482759,32.7586206896552,25,60,31.4814814814815,24.0740740740741,47.0588235294118,70.5882352941177,41.6666666666667,70.8333333333333,18.75,18.9655172413793,35,-7.40740740740741,23.5294117647059,29.1666666666667,0.59375,0.594827586206897,0.675,0.462962962962963,0.61764705882353,0.645833333333333,3.40119738166216
"180",180,"disadv_rural","female",53,"rare","school","not_encouraged",10,13,4,13,7,8,19,16,9,16,7,11,35,1,0,0,31.25,59.375,22.4137931034483,27.5862068965517,20,45,24.0740740740741,29.6296296296296,41.1764705882353,41.1764705882353,33.3333333333333,45.8333333333333,28.125,5.17241379310344,25,5.55555555555556,0,12.5,0.640625,0.525862068965517,0.625,0.527777777777778,0.5,0.5625,3.55534806148941
"181",181,"disadv_rural","female",52,"rare","school","not_encouraged",13,15,8,19,8,9,21,11,8,16,7,11,39,1,0,0,40.625,65.625,25.8620689655172,18.9655172413793,40,40,35.1851851851852,29.6296296296296,47.0588235294118,41.1764705882353,37.5,45.8333333333333,25,-6.89655172413793,0,-5.55555555555555,-5.88235294117647,8.33333333333334,0.625,0.46551724137931,0.5,0.472222222222222,0.470588235294118,0.541666666666667,3.66356164612965
"182",182,"disadv_rural","male",51,"rare","school","not_encouraged",19,12,9,17,8,12,27,16,12,27,11,16,39,0,0,0,59.375,84.375,20.6896551724138,27.5862068965517,45,60,31.4814814814815,50,47.0588235294118,64.7058823529412,50,66.6666666666667,25,6.89655172413793,15,18.5185185185185,17.6470588235294,16.6666666666667,0.625,0.53448275862069,0.575,0.592592592592593,0.588235294117647,0.583333333333333,3.66356164612965
"183",183,"disadv_rural","male",52,"rare","school","not_encouraged",20,16,12,22,11,17,25,19,14,26,11,15,36,1,0,0,62.5,78.125,27.5862068965517,32.7586206896552,60,70,40.7407407407407,48.1481481481481,64.7058823529412,64.7058823529412,70.8333333333333,62.5,15.625,5.17241379310345,10,7.4074074074074,0,-8.33333333333333,0.578125,0.525862068965517,0.55,0.537037037037037,0.5,0.458333333333333,3.58351893845611
"184",184,"disadv_rural","male",46,"rare","school","not_encouraged",13,3,3,1,4,4,24,11,10,13,11,13,27,0,0,0,40.625,75,5.17241379310345,18.9655172413793,15,50,1.85185185185185,24.0740740740741,23.5294117647059,64.7058823529412,16.6666666666667,54.1666666666667,34.375,13.7931034482759,35,22.2222222222222,41.1764705882353,37.5,0.671875,0.568965517241379,0.675,0.611111111111111,0.705882352941176,0.6875,3.29583686600433
"185",185,"disadv_rural","female",51,"rare","school","not_encouraged",21,19,12,25,13,14,24,15,11,25,8,14,45,0,0,0,65.625,75,32.7586206896552,25.8620689655172,60,55,46.2962962962963,46.2962962962963,76.4705882352941,47.0588235294118,58.3333333333333,58.3333333333333,9.375,-6.89655172413793,-5,0,-29.4117647058823,0,0.546875,0.46551724137931,0.475,0.5,0.352941176470588,0.5,3.80666248977032
"186",186,"disadv_rural","female",47,"rare","school","not_encouraged",19,12,13,27,8,11,24,14,15,21,7,13,28,0,0,0,59.375,75,20.6896551724138,24.1379310344828,65,75,50,38.8888888888889,47.0588235294118,41.1764705882353,45.8333333333333,54.1666666666667,15.625,3.44827586206896,10,-11.1111111111111,-5.88235294117647,8.33333333333333,0.578125,0.517241379310345,0.55,0.444444444444444,0.470588235294118,0.541666666666667,3.3322045101752
"187",187,"disadv_rural","female",51,"three_five","school","encouraged",25,13,12,21,12,16,31,16,15,25,11,18,40,0,1,1,78.125,96.875,22.4137931034483,27.5862068965517,60,75,38.8888888888889,46.2962962962963,70.5882352941177,64.7058823529412,66.6666666666667,75,18.75,5.17241379310344,15,7.40740740740741,-5.88235294117648,8.33333333333333,0.59375,0.525862068965517,0.575,0.537037037037037,0.470588235294118,0.541666666666667,3.68887945411394
"188",188,"disadv_rural","female",54,"rare","school","encouraged",8,20,5,8,7,6,14,13,11,11,8,10,47,1,1,0,25,43.75,34.4827586206897,22.4137931034483,25,55,14.8148148148148,20.3703703703704,41.1764705882353,47.0588235294118,25,41.6666666666667,18.75,-12.0689655172414,30,5.55555555555556,5.88235294117647,16.6666666666667,0.59375,0.439655172413793,0.65,0.527777777777778,0.529411764705882,0.583333333333333,3.85014760171006
"189",189,"disadv_rural","female",54,"once_twice","school","encouraged",12,4,9,4,7,6,17,13,10,12,9,8,36,1,1,1,37.5,53.125,6.89655172413793,22.4137931034483,45,50,7.40740740740741,22.2222222222222,41.1764705882353,52.9411764705882,25,33.3333333333333,15.625,15.5172413793103,5,14.8148148148148,11.7647058823529,8.33333333333334,0.578125,0.577586206896552,0.525,0.574074074074074,0.558823529411765,0.541666666666667,3.58351893845611
"190",190,"disadv_rural","male",57,"once_twice","school","encouraged",24,11,10,28,12,11,30,24,18,26,14,16,39,1,1,1,75,93.75,18.9655172413793,41.3793103448276,50,90,51.8518518518519,48.1481481481481,70.5882352941177,82.3529411764706,45.8333333333333,66.6666666666667,18.75,22.4137931034483,40,-3.70370370370371,11.7647058823529,20.8333333333333,0.59375,0.612068965517241,0.7,0.481481481481481,0.558823529411765,0.604166666666667,3.66356164612965
"191",191,"disadv_rural","male",53,"once_twice","school","encouraged",17,12,8,9,5,11,26,13,11,20,10,15,39,1,1,1,53.125,81.25,20.6896551724138,22.4137931034483,40,55,16.6666666666667,37.037037037037,29.4117647058824,58.8235294117647,45.8333333333333,62.5,28.125,1.72413793103448,15,20.3703703703704,29.4117647058824,16.6666666666667,0.640625,0.508620689655172,0.575,0.601851851851852,0.647058823529412,0.583333333333333,3.66356164612965
"192",192,"disadv_rural","female",50,"once_twice","school","encouraged",20,16,8,18,9,13,28,25,15,15,9,12,43,0,1,1,62.5,87.5,27.5862068965517,43.1034482758621,40,75,33.3333333333333,27.7777777777778,52.9411764705882,52.9411764705882,54.1666666666667,50,25,15.5172413793103,35,-5.55555555555556,0,-4.16666666666666,0.625,0.577586206896552,0.675,0.472222222222222,0.5,0.479166666666667,3.76120011569356
"193",193,"disadv_rural","female",57,"rare","school","not_encouraged",28,23,16,33,14,11,26,25,16,42,14,11,69,1,0,0,87.5,81.25,39.6551724137931,43.1034482758621,80,80,61.1111111111111,77.7777777777778,82.3529411764706,82.3529411764706,45.8333333333333,45.8333333333333,-6.25,3.44827586206897,0,16.6666666666667,0,0,0.46875,0.517241379310345,0.5,0.583333333333333,0.5,0.5,4.23410650459726
"194",194,"disadv_rural","female",58,"rare","school","not_encouraged",31,30,12,44,14,17,32,43,16,44,11,13,69,1,0,0,96.875,100,51.7241379310345,74.1379310344828,60,80,81.4814814814815,81.4814814814815,82.3529411764706,64.7058823529412,70.8333333333333,54.1666666666667,3.125,22.4137931034483,20,0,-17.6470588235294,-16.6666666666667,0.515625,0.612068965517241,0.6,0.5,0.411764705882353,0.416666666666667,4.23410650459726
"195",195,"disadv_rural","female",58,"rare","school","not_encouraged",28,29,9,33,14,8,29,44,9,44,15,10,38,1,0,0,87.5,90.625,50,75.8620689655172,45,45,61.1111111111111,81.4814814814815,82.3529411764706,88.2352941176471,33.3333333333333,41.6666666666667,3.125,25.8620689655172,0,20.3703703703704,5.88235294117646,8.33333333333333,0.515625,0.629310344827586,0.5,0.601851851851852,0.529411764705882,0.541666666666667,3.63758615972639
"196",196,"disadv_rural","female",53,"rare","school","not_encouraged",19,19,14,24,11,16,21,13,9,31,10,16,39,1,0,0,59.375,65.625,32.7586206896552,22.4137931034483,70,45,44.4444444444444,57.4074074074074,64.7058823529412,58.8235294117647,66.6666666666667,66.6666666666667,6.25,-10.3448275862069,-25,12.962962962963,-5.88235294117647,0,0.53125,0.448275862068966,0.375,0.564814814814815,0.470588235294118,0.5,3.66356164612965
"197",197,"disadv_rural","female",49,"rare","school","not_encouraged",20,17,7,13,9,10,30,15,6,21,10,9,30,0,0,0,62.5,93.75,29.3103448275862,25.8620689655172,35,30,24.0740740740741,38.8888888888889,52.9411764705882,58.8235294117647,41.6666666666667,37.5,31.25,-3.44827586206896,-5,14.8148148148148,5.88235294117647,-4.16666666666666,0.65625,0.482758620689655,0.475,0.574074074074074,0.529411764705882,0.479166666666667,3.40119738166216
"198",198,"disadv_rural","female",51,"rare","school","not_encouraged",10,1,2,2,4,0,13,0,0,0,0,0,34,0,0,0,31.25,40.625,1.72413793103448,0,10,0,3.7037037037037,0,23.5294117647059,0,0,0,9.375,-1.72413793103448,-10,-3.7037037037037,-23.5294117647059,0,0.546875,0.491379310344828,0.45,0.481481481481482,0.382352941176471,0.5,3.52636052461616
"199",199,"disadv_rural","male",58,"rare","school","not_encouraged",22,13,9,13,10,9,18,18,11,13,11,8,36,1,0,0,68.75,56.25,22.4137931034483,31.0344827586207,45,55,24.0740740740741,24.0740740740741,58.8235294117647,64.7058823529412,37.5,33.3333333333333,-12.5,8.62068965517241,10,0,5.88235294117647,-4.16666666666666,0.4375,0.543103448275862,0.55,0.5,0.529411764705882,0.479166666666667,3.58351893845611
"200",200,"disadv_rural","female",51,"rare","school","not_encouraged",18,12,4,10,5,9,17,10,8,14,5,10,48,0,0,0,56.25,53.125,20.6896551724138,17.2413793103448,20,40,18.5185185185185,25.9259259259259,29.4117647058824,29.4117647058824,37.5,41.6666666666667,-3.125,-3.44827586206896,20,7.40740740740741,0,4.16666666666666,0.484375,0.482758620689655,0.6,0.537037037037037,0.5,0.520833333333333,3.87120101090789
"201",201,"disadv_rural","female",53,"rare","school","not_encouraged",21,17,9,18,9,11,28,15,9,19,12,9,49,1,0,0,65.625,87.5,29.3103448275862,25.8620689655172,45,45,33.3333333333333,35.1851851851852,52.9411764705882,70.5882352941177,45.8333333333333,37.5,21.875,-3.44827586206896,0,1.85185185185185,17.6470588235294,-8.33333333333334,0.609375,0.482758620689655,0.5,0.509259259259259,0.588235294117647,0.458333333333333,3.89182029811063
"202",202,"disadv_rural","female",56,"three_five","school","encouraged",29,17,17,32,10,20,30,33,17,38,12,20,49,1,1,1,90.625,93.75,29.3103448275862,56.8965517241379,85,85,59.2592592592593,70.3703703703704,58.8235294117647,70.5882352941177,83.3333333333333,83.3333333333333,3.125,27.5862068965517,0,11.1111111111111,11.7647058823529,0,0.515625,0.637931034482759,0.5,0.555555555555556,0.558823529411765,0.5,3.89182029811063
"203",203,"disadv_rural","female",51,"three_five","home","encouraged",19,11,10,19,8,7,22,19,11,39,11,21,37,0,1,1,59.375,68.75,18.9655172413793,32.7586206896552,50,55,35.1851851851852,72.2222222222222,47.0588235294118,64.7058823529412,29.1666666666667,87.5,9.375,13.7931034482759,5,37.037037037037,17.6470588235294,58.3333333333333,0.546875,0.568965517241379,0.525,0.685185185185185,0.588235294117647,0.791666666666667,3.61091791264422
"204",204,"disadv_rural","male",47,"rare","home","encouraged",23,12,11,14,11,13,29,15,13,22,14,16,45,0,1,0,71.875,90.625,20.6896551724138,25.8620689655172,55,65,25.9259259259259,40.7407407407407,64.7058823529412,82.3529411764706,54.1666666666667,66.6666666666667,18.75,5.17241379310345,10,14.8148148148148,17.6470588235294,12.5,0.59375,0.525862068965517,0.55,0.574074074074074,0.588235294117647,0.5625,3.80666248977032
"205",205,"disadv_rural","female",54,"over_five","home","encouraged",23,14,12,23,8,15,28,41,16,35,16,22,46,1,1,1,71.875,87.5,24.1379310344828,70.6896551724138,60,80,42.5925925925926,64.8148148148148,47.0588235294118,94.1176470588235,62.5,91.6666666666667,15.625,46.551724137931,20,22.2222222222222,47.0588235294118,29.1666666666667,0.578125,0.732758620689655,0.6,0.611111111111111,0.735294117647059,0.645833333333333,3.8286413964891
"206",206,"disadv_rural","male",54,"over_five","home","encouraged",17,15,6,15,4,11,24,30,13,42,17,20,32,1,1,1,53.125,75,25.8620689655172,51.7241379310345,30,65,27.7777777777778,77.7777777777778,23.5294117647059,100,45.8333333333333,83.3333333333333,21.875,25.8620689655172,35,50,76.4705882352941,37.5,0.609375,0.629310344827586,0.675,0.75,0.88235294117647,0.6875,3.46573590279973
"207",207,"disadv_rural","female",46,"rare","home","encouraged",22,14,7,15,3,14,29,24,18,36,13,23,30,0,1,0,68.75,90.625,24.1379310344828,41.3793103448276,35,90,27.7777777777778,66.6666666666667,17.6470588235294,76.4705882352941,58.3333333333333,95.8333333333333,21.875,17.2413793103448,55,38.8888888888889,58.8235294117647,37.5,0.609375,0.586206896551724,0.775,0.694444444444444,0.794117647058824,0.6875,3.40119738166216
"208",208,"disadv_rural","female",52,"once_twice","home","encouraged",20,15,14,19,5,13,27,45,16,38,17,22,35,1,1,1,62.5,84.375,25.8620689655172,77.5862068965517,70,80,35.1851851851852,70.3703703703704,29.4117647058824,100,54.1666666666667,91.6666666666667,21.875,51.7241379310345,10,35.1851851851852,70.5882352941177,37.5,0.609375,0.758620689655172,0.55,0.675925925925926,0.852941176470588,0.6875,3.55534806148941
"209",209,"disadv_rural","female",48,"rare","home","encouraged",24,18,5,21,9,11,23,17,10,16,15,9,36,0,1,0,75,71.875,31.0344827586207,29.3103448275862,25,50,38.8888888888889,29.6296296296296,52.9411764705882,88.2352941176471,45.8333333333333,37.5,-3.125,-1.72413793103448,25,-9.25925925925926,35.2941176470588,-8.33333333333334,0.484375,0.491379310344828,0.625,0.453703703703704,0.676470588235294,0.458333333333333,3.58351893845611
"210",210,"disadv_rural","male",49,"once_twice","home","not_encouraged",17,21,7,23,9,4,13,14,13,35,15,13,45,0,0,1,53.125,40.625,36.2068965517241,24.1379310344828,35,65,42.5925925925926,64.8148148148148,52.9411764705882,88.2352941176471,16.6666666666667,54.1666666666667,-12.5,-12.0689655172414,30,22.2222222222222,35.2941176470588,37.5,0.4375,0.439655172413793,0.65,0.611111111111111,0.676470588235294,0.6875,3.80666248977032
"211",211,"disadv_rural","male",58,"rare","home","not_encouraged",14,7,3,17,13,6,22,15,11,23,13,9,59,1,0,0,43.75,68.75,12.0689655172414,25.8620689655172,15,55,31.4814814814815,42.5925925925926,76.4705882352941,76.4705882352941,25,37.5,25,13.7931034482759,40,11.1111111111111,0,12.5,0.625,0.568965517241379,0.7,0.555555555555556,0.5,0.5625,4.07753744390572
"212",212,"disadv_rural","male",46,"three_five","home","not_encouraged",18,13,10,11,7,9,22,14,13,23,10,13,42,0,0,1,56.25,68.75,22.4137931034483,24.1379310344828,50,65,20.3703703703704,42.5925925925926,41.1764705882353,58.8235294117647,37.5,54.1666666666667,12.5,1.72413793103448,15,22.2222222222222,17.6470588235294,16.6666666666667,0.5625,0.508620689655172,0.575,0.611111111111111,0.588235294117647,0.583333333333333,3.73766961828337
"213",213,"disadv_rural","male",57,"rare","home","not_encouraged",27,19,11,20,10,15,27,19,8,29,23,11,41,1,0,0,84.375,84.375,32.7586206896552,32.7586206896552,55,40,37.037037037037,53.7037037037037,58.8235294117647,135.294117647059,62.5,45.8333333333333,0,0,-15,16.6666666666667,76.4705882352941,-16.6666666666667,0.5,0.5,0.425,0.583333333333333,0.88235294117647,0.416666666666667,3.71357206670431
"214",214,"disadv_rural","male",48,"over_five","home","not_encouraged",27,12,15,23,11,16,27,17,13,27,13,10,39,0,0,1,84.375,84.375,20.6896551724138,29.3103448275862,75,65,42.5925925925926,50,64.7058823529412,76.4705882352941,66.6666666666667,41.6666666666667,0,8.62068965517241,-10,7.4074074074074,11.7647058823529,-25,0.5,0.543103448275862,0.45,0.537037037037037,0.558823529411765,0.375,3.66356164612965
"215",215,"disadv_rural","female",52,"once_twice","home","not_encouraged",23,8,9,16,12,8,20,16,13,23,10,12,94,1,0,1,71.875,62.5,13.7931034482759,27.5862068965517,45,65,29.6296296296296,42.5925925925926,70.5882352941177,58.8235294117647,33.3333333333333,50,-9.375,13.7931034482759,20,12.962962962963,-11.7647058823529,16.6666666666667,0.453125,0.568965517241379,0.6,0.564814814814815,0.441176470588235,0.583333333333333,4.54329478227
"216",216,"disadv_rural","male",57,"once_twice","home","encouraged",29,17,12,24,12,16,31,32,12,17,9,10,55,1,1,1,90.625,96.875,29.3103448275862,55.1724137931034,60,60,44.4444444444444,31.4814814814815,70.5882352941177,52.9411764705882,66.6666666666667,41.6666666666667,6.25,25.8620689655172,0,-12.962962962963,-17.6470588235294,-25,0.53125,0.629310344827586,0.5,0.435185185185185,0.411764705882353,0.375,4.00733318523247
"217",217,"disadv_rural","male",46,"three_five","home","encouraged",18,9,10,12,9,14,24,18,11,13,8,10,28,0,1,1,56.25,75,15.5172413793103,31.0344827586207,50,55,22.2222222222222,24.0740740740741,52.9411764705882,47.0588235294118,58.3333333333333,41.6666666666667,18.75,15.5172413793103,5,1.85185185185185,-5.88235294117646,-16.6666666666667,0.59375,0.577586206896552,0.525,0.509259259259259,0.470588235294118,0.416666666666667,3.3322045101752
"218",218,"disadv_rural","male",55,"once_twice","home","encouraged",14,12,8,14,11,11,27,40,18,35,16,21,32,1,1,1,43.75,84.375,20.6896551724138,68.9655172413793,40,90,25.9259259259259,64.8148148148148,64.7058823529412,94.1176470588235,45.8333333333333,87.5,40.625,48.2758620689655,50,38.8888888888889,29.4117647058824,41.6666666666667,0.703125,0.741379310344828,0.75,0.694444444444444,0.647058823529412,0.708333333333333,3.46573590279973
"219",219,"disadv_rural","male",44,"three_five","home","encouraged",8,11,6,10,6,9,31,23,15,18,10,13,28,0,1,1,25,96.875,18.9655172413793,39.6551724137931,30,75,18.5185185185185,33.3333333333333,35.2941176470588,58.8235294117647,37.5,54.1666666666667,71.875,20.6896551724138,45,14.8148148148148,23.5294117647059,16.6666666666667,0.859375,0.603448275862069,0.725,0.574074074074074,0.61764705882353,0.583333333333333,3.3322045101752
"220",220,"disadv_rural","male",56,"rare","school","not_encouraged",26,15,12,29,11,12,25,23,13,40,12,16,59,1,0,0,81.25,78.125,25.8620689655172,39.6551724137931,60,65,53.7037037037037,74.0740740740741,64.7058823529412,70.5882352941177,50,66.6666666666667,-3.125,13.7931034482759,5,20.3703703703704,5.88235294117648,16.6666666666667,0.484375,0.568965517241379,0.525,0.601851851851852,0.529411764705882,0.583333333333333,4.07753744390572
"221",221,"disadv_rural","female",44,"once_twice","home","encouraged",14,14,12,10,10,12,25,23,16,26,13,12,27,0,1,1,43.75,78.125,24.1379310344828,39.6551724137931,60,80,18.5185185185185,48.1481481481481,58.8235294117647,76.4705882352941,50,50,34.375,15.5172413793103,20,29.6296296296296,17.6470588235294,0,0.671875,0.577586206896552,0.6,0.648148148148148,0.588235294117647,0.5,3.29583686600433
"222",222,"disadv_rural","male",59,"over_five","home","encouraged",28,17,12,27,10,11,31,46,19,29,16,20,61,1,1,1,87.5,96.875,29.3103448275862,79.3103448275862,60,95,50,53.7037037037037,58.8235294117647,94.1176470588235,45.8333333333333,83.3333333333333,9.375,50,35,3.7037037037037,35.2941176470588,37.5,0.546875,0.75,0.675,0.518518518518518,0.676470588235294,0.6875,4.11087386417331
"223",223,"disadv_span","male",48,"once_twice","home","encouraged",16,8,8,9,8,8,24,11,9,11,8,7,35,0,1,1,50,75,13.7931034482759,18.9655172413793,40,45,16.6666666666667,20.3703703703704,47.0588235294118,47.0588235294118,33.3333333333333,29.1666666666667,25,5.17241379310345,5,3.7037037037037,0,-4.16666666666667,0.625,0.525862068965517,0.525,0.518518518518518,0.5,0.479166666666667,3.55534806148941
"224",224,"disadv_span","male",56,"once_twice","home","encouraged",22,17,11,23,14,13,30,20,17,38,13,21,58,1,1,1,68.75,93.75,29.3103448275862,34.4827586206897,55,85,42.5925925925926,70.3703703703704,82.3529411764706,76.4705882352941,54.1666666666667,87.5,25,5.17241379310345,30,27.7777777777778,-5.88235294117648,33.3333333333333,0.625,0.525862068965517,0.65,0.638888888888889,0.470588235294118,0.666666666666667,4.06044301054642
"225",225,"disadv_span","female",58,"once_twice","home","encouraged",20,18,8,26,11,10,30,44,12,40,13,21,59,1,1,1,62.5,93.75,31.0344827586207,75.8620689655172,40,60,48.1481481481481,74.0740740740741,64.7058823529412,76.4705882352941,41.6666666666667,87.5,31.25,44.8275862068965,20,25.9259259259259,11.7647058823529,45.8333333333333,0.65625,0.724137931034483,0.6,0.62962962962963,0.558823529411765,0.729166666666667,4.07753744390572
"226",226,"disadv_span","female",53,"rare","home","encouraged",15,11,2,8,10,5,18,19,10,14,6,8,34,1,1,0,46.875,56.25,18.9655172413793,32.7586206896552,10,50,14.8148148148148,25.9259259259259,58.8235294117647,35.2941176470588,20.8333333333333,33.3333333333333,9.375,13.7931034482759,40,11.1111111111111,-23.5294117647059,12.5,0.546875,0.568965517241379,0.7,0.555555555555556,0.382352941176471,0.5625,3.52636052461616
"227",227,"disadv_span","female",53,"rare","home","encouraged",26,16,8,14,10,9,28,13,12,18,10,11,41,1,1,0,81.25,87.5,27.5862068965517,22.4137931034483,40,60,25.9259259259259,33.3333333333333,58.8235294117647,58.8235294117647,37.5,45.8333333333333,6.25,-5.17241379310344,20,7.40740740740741,0,8.33333333333334,0.53125,0.474137931034483,0.6,0.537037037037037,0.5,0.541666666666667,3.71357206670431
"228",228,"disadv_span","female",65,"rare","home","not_encouraged",15,16,5,24,12,12,22,15,12,26,11,19,44,1,0,0,46.875,68.75,27.5862068965517,25.8620689655172,25,60,44.4444444444444,48.1481481481481,70.5882352941177,64.7058823529412,50,79.1666666666667,21.875,-1.72413793103448,35,3.7037037037037,-5.88235294117648,29.1666666666667,0.609375,0.491379310344828,0.675,0.518518518518518,0.470588235294118,0.645833333333333,3.78418963391826
"229",229,"disadv_span","male",46,"rare","home","not_encouraged",15,5,5,4,9,4,15,13,10,10,8,11,41,0,0,0,46.875,46.875,8.62068965517241,22.4137931034483,25,50,7.40740740740741,18.5185185185185,52.9411764705882,47.0588235294118,16.6666666666667,45.8333333333333,0,13.7931034482759,25,11.1111111111111,-5.88235294117646,29.1666666666667,0.5,0.568965517241379,0.625,0.555555555555556,0.470588235294118,0.645833333333333,3.71357206670431
"230",230,"disadv_span","male",49,"rare","home","not_encouraged",19,12,12,16,13,15,28,16,14,36,14,16,59,0,0,0,59.375,87.5,20.6896551724138,27.5862068965517,60,70,29.6296296296296,66.6666666666667,76.4705882352941,82.3529411764706,62.5,66.6666666666667,28.125,6.89655172413793,10,37.037037037037,5.88235294117648,4.16666666666667,0.640625,0.53448275862069,0.55,0.685185185185185,0.529411764705882,0.520833333333333,4.07753744390572
"231",231,"disadv_span","male",55,"rare","home","not_encouraged",21,40,8,36,9,10,27,49,13,47,9,17,53,1,0,0,65.625,84.375,68.9655172413793,84.4827586206897,40,65,66.6666666666667,87.037037037037,52.9411764705882,52.9411764705882,41.6666666666667,70.8333333333333,18.75,15.5172413793103,25,20.3703703703704,0,29.1666666666667,0.59375,0.577586206896552,0.625,0.601851851851852,0.5,0.645833333333333,3.97029191355212
"232",232,"disadv_span","female",46,"once_twice","home","encouraged",20,9,6,17,10,11,29,13,12,23,12,8,31,0,1,1,62.5,90.625,15.5172413793103,22.4137931034483,30,60,31.4814814814815,42.5925925925926,58.8235294117647,70.5882352941177,45.8333333333333,33.3333333333333,28.125,6.89655172413793,30,11.1111111111111,11.7647058823529,-12.5,0.640625,0.53448275862069,0.65,0.555555555555556,0.558823529411765,0.4375,3.43398720448515
"233",233,"disadv_span","female",58,"over_five","home","encouraged",30,55,19,52,15,23,31,54,19,54,15,23,78,1,1,1,93.75,96.875,94.8275862068966,93.1034482758621,95,95,96.2962962962963,100,88.2352941176471,88.2352941176471,95.8333333333333,95.8333333333333,3.125,-1.72413793103449,0,3.70370370370371,0,0,0.515625,0.491379310344828,0.5,0.518518518518519,0.5,0.5,4.35670882668959
"234",234,"disadv_span","male",47,"over_five","home","encouraged",18,13,9,20,8,11,28,34,17,33,11,18,43,0,1,1,56.25,87.5,22.4137931034483,58.6206896551724,45,85,37.037037037037,61.1111111111111,47.0588235294118,64.7058823529412,45.8333333333333,75,31.25,36.2068965517241,40,24.0740740740741,17.6470588235294,29.1666666666667,0.65625,0.681034482758621,0.7,0.62037037037037,0.588235294117647,0.645833333333333,3.76120011569356
"235",235,"disadv_span","male",53,"over_five","home","encouraged",26,25,14,36,13,13,30,44,19,43,15,23,90,1,1,1,81.25,93.75,43.1034482758621,75.8620689655172,70,95,66.6666666666667,79.6296296296296,76.4705882352941,88.2352941176471,54.1666666666667,95.8333333333333,12.5,32.7586206896552,25,12.962962962963,11.7647058823529,41.6666666666667,0.5625,0.663793103448276,0.625,0.564814814814815,0.558823529411765,0.708333333333333,4.49980967033027
"236",236,"disadv_span","female",51,"once_twice","home","encouraged",30,15,8,12,10,10,30,33,12,45,12,20,49,0,1,1,93.75,93.75,25.8620689655172,56.8965517241379,40,60,22.2222222222222,83.3333333333333,58.8235294117647,70.5882352941177,41.6666666666667,83.3333333333333,0,31.0344827586207,20,61.1111111111111,11.7647058823529,41.6666666666667,0.5,0.655172413793103,0.6,0.805555555555556,0.558823529411765,0.708333333333333,3.89182029811063
"237",237,"disadv_span","male",49,"over_five","home","encouraged",17,16,12,15,8,15,25,26,15,20,12,11,41,0,1,1,53.125,78.125,27.5862068965517,44.8275862068966,60,75,27.7777777777778,37.037037037037,47.0588235294118,70.5882352941177,62.5,45.8333333333333,25,17.2413793103448,15,9.25925925925926,23.5294117647059,-16.6666666666667,0.625,0.586206896551724,0.575,0.546296296296296,0.61764705882353,0.416666666666667,3.71357206670431
"238",238,"disadv_span","male",43,"once_twice","home","encouraged",16,13,6,11,8,9,22,19,10,10,9,7,30,0,1,1,50,68.75,22.4137931034483,32.7586206896552,30,50,20.3703703703704,18.5185185185185,47.0588235294118,52.9411764705882,37.5,29.1666666666667,18.75,10.3448275862069,20,-1.85185185185185,5.88235294117646,-8.33333333333333,0.59375,0.551724137931034,0.6,0.490740740740741,0.529411764705882,0.458333333333333,3.40119738166216
"239",239,"disadv_span","female",60,"three_five","home","encouraged",23,16,9,33,14,16,29,35,18,50,13,23,69,1,1,1,71.875,90.625,27.5862068965517,60.3448275862069,45,90,61.1111111111111,92.5925925925926,82.3529411764706,76.4705882352941,66.6666666666667,95.8333333333333,18.75,32.7586206896552,45,31.4814814814815,-5.88235294117648,29.1666666666667,0.59375,0.663793103448276,0.725,0.657407407407407,0.470588235294118,0.645833333333333,4.23410650459726
"240",240,"disadv_span","male",51,"over_five","home","encouraged",21,11,10,27,10,12,25,32,17,47,11,19,65,0,1,1,65.625,78.125,18.9655172413793,55.1724137931034,50,85,50,87.037037037037,58.8235294117647,64.7058823529412,50,79.1666666666667,12.5,36.2068965517241,35,37.037037037037,5.88235294117647,29.1666666666667,0.5625,0.681034482758621,0.675,0.685185185185185,0.529411764705882,0.645833333333333,4.17438726989564
